match_id,year,home_team,away_team,home_score,away_score,home_rank,away_rank,home_gdp,away_gdp,home_pop,away_pop,result
0,1930,France,Mexico,4.0,1.0,,,,,,,1
1,1930,Argentina,France,1.0,0.0,,,,,,,1
2,1930,Chile,Mexico,3.0,0.0,,,,,,,1
3,1930,Chile,France,1.0,0.0,,,,,,,1
4,1930,Argentina,Mexico,6.0,3.0,,,,,,,1
5,1930,Argentina,Chile,3.0,1.0,,,,,,,1
6,1930,Yugoslavia,Brazil,2.0,1.0,,,,,,,1
7,1930,Yugoslavia,Bolivia,4.0,0.0,,,,,,,1
8,1930,Brazil,Bolivia,4.0,0.0,,,,,,,1
9,1930,Romania,Peru,3.0,1.0,,,,,,,1
10,1930,Uruguay,Peru,1.0,0.0,,,,,,,1
11,1930,Uruguay,Romania,4.0,0.0,,,,,,,1
12,1930,United States,Belgium,3.0,0.0,,,,,,,1
13,1930,United States,Paraguay,3.0,0.0,,,,,,,1
14,1930,Paraguay,Belgium,1.0,0.0,,,,,,,1
15,1930,Argentina,United States,6.0,1.0,,,,,,,1
16,1930,Uruguay,Yugoslavia,6.0,1.0,,,,,,,1
17,1930,Uruguay,Argentina,4.0,2.0,,,,,,,1
18,1934,Spain,Brazil,3.0,1.0,,,,,,,1
19,1934,Hungary,Egypt,4.0,2.0,,,,,,,1
20,1934,Switzerland,Netherlands,3.0,2.0,,,,,,,1
21,1934,Italy,United States,7.0,1.0,,,,,,,1
22,1934,Czechoslovakia,Romania,2.0,1.0,,,,,,,1
23,1934,Sweden,Argentina,3.0,2.0,,,,,,,1
24,1934,Austria,France,3.0,2.0,,,,,,,1
25,1934,Germany,Belgium,5.0,2.0,,,,,,,1
26,1934,Austria,Hungary,2.0,1.0,,,,,,,1
27,1934,Italy,Spain,1.0,1.0,,,,,,,0
28,1934,Germany,Sweden,2.0,1.0,,,,,,,1
29,1934,Czechoslovakia,Switzerland,3.0,2.0,,,,,,,1
30,1934,Italy,Spain,1.0,0.0,,,,,,,1
31,1934,Italy,Austria,1.0,0.0,,,,,,,1
32,1934,Czechoslovakia,Germany,3.0,1.0,,,,,,,1
33,1934,Germany,Austria,3.0,2.0,,,,,,,1
34,1934,Italy,Czechoslovakia,2.0,1.0,,,,,,,1
35,1938,Switzerland,Germany,1.0,1.0,,,,,,,0
36,1938,Hungary,Dutch East Indies,6.0,0.0,,,,,,,1
37,1938,Sweden,Austria,,,,,,,,,0
38,1938,Cuba,Romania,3.0,3.0,,,,,,,0
39,1938,France,Belgium,3.0,1.0,,,,,,,1
40,1938,Italy,Norway,2.0,1.0,,,,,,,1
41,1938,Brazil,Poland,6.0,5.0,,,,,,,1
42,1938,Czechoslovakia,Netherlands,3.0,0.0,,,,,,,1
43,1938,Switzerland,Germany,4.0,2.0,,,,,,,1
44,1938,Cuba,Romania,2.0,1.0,,,,,,,1
45,1938,Hungary,Switzerland,2.0,0.0,,,,,,,1
46,1938,Sweden,Cuba,8.0,0.0,,,,,,,1
47,1938,Italy,France,3.0,1.0,,,,,,,1
48,1938,Brazil,Czechoslovakia,1.0,1.0,,,,,,,0
49,1938,Brazil,Czechoslovakia,2.0,1.0,,,,,,,1
50,1938,Hungary,Sweden,5.0,1.0,,,,,,,1
51,1938,Italy,Brazil,2.0,1.0,,,,,,,1
52,1938,Brazil,Sweden,4.0,2.0,,,,,,,1
53,1938,Italy,Hungary,4.0,2.0,,,,,,,1
54,1950,Brazil,Mexico,4.0,0.0,,,,,,,1
55,1950,Yugoslavia,Switzerland,3.0,0.0,,,,,,,1
56,1950,Brazil,Switzerland,2.0,2.0,,,,,,,0
57,1950,Yugoslavia,Mexico,4.0,1.0,,,,,,,1
58,1950,Brazil,Yugoslavia,2.0,0.0,,,,,,,1
59,1950,Switzerland,Mexico,2.0,1.0,,,,,,,1
60,1950,England,Chile,2.0,0.0,,,,,,,1
61,1950,Spain,United States,3.0,1.0,,,,,,,1
62,1950,Spain,Chile,2.0,0.0,,,,,,,1
63,1950,United States,England,1.0,0.0,,,,,,,1
64,1950,Spain,England,1.0,0.0,,,,,,,1
65,1950,Chile,United States,5.0,2.0,,,,,,,1
66,1950,Sweden,Italy,3.0,2.0,,,,,,,1
67,1950,Sweden,Paraguay,2.0,2.0,,,,,,,0
68,1950,Italy,Paraguay,2.0,0.0,,,,,,,1
69,1950,Uruguay,Bolivia,8.0,0.0,,,,,,,1
70,1950,Uruguay,Spain,2.0,2.0,,,,,,,0
71,1950,Brazil,Sweden,7.0,1.0,,,,,,,1
72,1950,Brazil,Spain,6.0,1.0,,,,,,,1
73,1950,Uruguay,Sweden,3.0,2.0,,,,,,,1
74,1950,Sweden,Spain,3.0,1.0,,,,,,,1
75,1950,Uruguay,Brazil,2.0,1.0,,,,,,,1
76,1954,Brazil,Mexico,5.0,0.0,,,,,,,1
77,1954,Yugoslavia,France,1.0,0.0,,,,,,,1
78,1954,Brazil,Yugoslavia,1.0,1.0,,,,,,,0
79,1954,France,Mexico,3.0,2.0,,,,,,,1
80,1954,West Germany,Turkey,4.0,1.0,,,,,,,1
81,1954,Hungary,South Korea,9.0,0.0,,,,,,,1
82,1954,Hungary,West Germany,8.0,3.0,,,,,,,1
83,1954,Turkey,South Korea,7.0,0.0,,,,,,,1
84,1954,West Germany,Turkey,7.0,2.0,,,,,,,1
85,1954,Uruguay,Czechoslovakia,2.0,0.0,,,,,,,1
86,1954,Austria,Scotland,1.0,0.0,,,,,,,1
87,1954,Uruguay,Scotland,7.0,0.0,,,,,,,1
88,1954,Austria,Czechoslovakia,5.0,0.0,,,,,,,1
89,1954,Switzerland,Italy,2.0,1.0,,,,,,,1
90,1954,England,Belgium,4.0,4.0,,,,,,,0
91,1954,Italy,Belgium,4.0,1.0,,,,,,,1
92,1954,England,Switzerland,2.0,0.0,,,,,,,1
93,1954,Switzerland,Italy,4.0,1.0,,,,,,,1
94,1954,Austria,Switzerland,7.0,5.0,,,,,,,1
95,1954,Uruguay,England,4.0,2.0,,,,,,,1
96,1954,West Germany,Yugoslavia,2.0,0.0,,,,,,,1
97,1954,Hungary,Brazil,4.0,2.0,,,,,,,1
98,1954,West Germany,Austria,6.0,1.0,,,,,,,1
99,1954,Hungary,Uruguay,4.0,2.0,,,,,,,1
100,1954,Austria,Uruguay,3.0,1.0,,,,,,,1
101,1954,West Germany,Hungary,3.0,2.0,,,,,,,1
102,1958,Argentina,West Germany,1.0,3.0,,,,,,,-1
103,1958,Northern Ireland,Czechoslovakia,1.0,0.0,,,,,,,1
104,1958,West Germany,Czechoslovakia,2.0,2.0,,,,,,,0
105,1958,Argentina,Northern Ireland,3.0,1.0,,,,,,,1
106,1958,West Germany,Northern Ireland,2.0,2.0,,,,,,,0
107,1958,Czechoslovakia,Argentina,6.0,1.0,,,,,,,1
108,1958,Northern Ireland,Czechoslovakia,2.0,1.0,,,,,,,1
109,1958,France,Paraguay,7.0,3.0,,,,,,,1
110,1958,Yugoslavia,Scotland,1.0,1.0,,,,,,,0
111,1958,Yugoslavia,France,3.0,2.0,,,,,,,1
112,1958,Paraguay,Scotland,3.0,2.0,,,,,,,1
113,1958,France,Scotland,2.0,1.0,,,,,,,1
114,1958,Paraguay,Yugoslavia,3.0,3.0,,,,,,,0
115,1958,Sweden,Mexico,3.0,0.0,,,,,,,1
116,1958,Hungary,Wales,1.0,1.0,,,,,,,0
117,1958,Mexico,Wales,1.0,1.0,,,,,,,0
118,1958,Sweden,Hungary,2.0,1.0,,,,,,,1
119,1958,Sweden,Wales,0.0,0.0,,,,,,,0
120,1958,Hungary,Mexico,4.0,0.0,,,,,,,1
121,1958,Wales,Hungary,2.0,1.0,,,,,,,1
122,1958,Brazil,Austria,3.0,0.0,,,,,,,1
123,1958,Soviet Union,England,2.0,2.0,,,,,,,0
124,1958,Brazil,England,0.0,0.0,,,,,,,0
125,1958,Soviet Union,Austria,2.0,0.0,,,,,,,1
126,1958,England,Austria,2.0,2.0,,,,,,,0
127,1958,Brazil,Soviet Union,2.0,0.0,,,,,,,1
128,1958,Soviet Union,England,1.0,0.0,,,,,,,1
129,1958,Brazil,Wales,1.0,0.0,,,,,,,1
130,1958,France,Northern Ireland,4.0,0.0,,,,,,,1
131,1958,Sweden,Soviet Union,2.0,0.0,,,,,,,1
132,1958,West Germany,Yugoslavia,1.0,0.0,,,,,,,1
133,1958,Brazil,France,5.0,2.0,,,,,,,1
134,1958,Sweden,West Germany,3.0,1.0,,,,,,,1
135,1958,France,West Germany,6.0,3.0,,,,,,,1
136,1958,Brazil,Sweden,5.0,2.0,,,,,,,1
137,1962,Uruguay,Colombia,2.0,1.0,,,1710004407.22785,4955543963.36869,2593298.0,16599029.0,1
138,1962,Soviet Union,Yugoslavia,2.0,0.0,,,,,,,1
139,1962,Yugoslavia,Uruguay,3.0,1.0,,,,1710004407.22785,,2593298.0,1
140,1962,Soviet Union,Colombia,4.0,4.0,,,,4955543963.36869,,16599029.0,0
141,1962,Soviet Union,Uruguay,2.0,1.0,,,,1710004407.22785,,2593298.0,1
142,1962,Yugoslavia,Colombia,5.0,0.0,,,,4955543963.36869,,16599029.0,1
143,1962,Chile,Switzerland,3.0,1.0,,,5765971144.47142,12989649694.2812,8497059.0,5573815.0,1
144,1962,West Germany,Italy,0.0,0.0,,,,52413872628.0045,,50879450.0,0
145,1962,Chile,Italy,2.0,0.0,,,5765971144.47142,52413872628.0045,8497059.0,50879450.0,1
146,1962,West Germany,Switzerland,2.0,1.0,,,,12989649694.2812,,5573815.0,1
147,1962,West Germany,Chile,2.0,0.0,,,,5765971144.47142,,8497059.0,1
148,1962,Italy,Switzerland,3.0,0.0,,,52413872628.0045,12989649694.2812,50879450.0,5573815.0,1
149,1962,Brazil,Mexico,2.0,0.0,,,19231747851.5332,15200000000.0,76865323.0,39129200.0,1
150,1962,Czechoslovakia,Spain,1.0,0.0,,,,16609632790.5843,,31023366.0,1
151,1962,Brazil,Czechoslovakia,0.0,0.0,,,19231747851.5332,,76865323.0,,0
152,1962,Spain,Mexico,1.0,0.0,,,16609632790.5843,15200000000.0,31023366.0,39129200.0,1
153,1962,Brazil,Spain,2.0,1.0,,,19231747851.5332,16609632790.5843,76865323.0,31023366.0,1
154,1962,Mexico,Czechoslovakia,3.0,1.0,,,15200000000.0,,39129200.0,,1
155,1962,Argentina,Bulgaria,1.0,0.0,,,18337691145.3688,,21072538.0,8012946.0,1
156,1962,Hungary,England,2.0,1.0,,,,81247564156.8246,10060825.0,53250000.0,1
157,1962,England,Argentina,3.0,1.0,,,81247564156.8246,18337691145.3688,53250000.0,21072538.0,1
158,1962,Hungary,Bulgaria,6.0,1.0,,,,,10060825.0,8012946.0,1
159,1962,Hungary,Argentina,0.0,0.0,,,,18337691145.3688,10060825.0,21072538.0,0
160,1962,England,Bulgaria,0.0,0.0,,,81247564156.8246,,53250000.0,8012946.0,0
161,1962,Chile,Soviet Union,2.0,1.0,,,5765971144.47142,,8497059.0,,1
162,1962,Czechoslovakia,Hungary,1.0,0.0,,,,,,10060825.0,1
163,1962,Brazil,England,3.0,1.0,,,19231747851.5332,81247564156.8246,76865323.0,53250000.0,1
164,1962,Yugoslavia,West Germany,1.0,0.0,,,,,,,1
165,1962,Czechoslovakia,Yugoslavia,3.0,1.0,,,,,,,1
166,1962,Brazil,Chile,4.0,2.0,,,19231747851.5332,5765971144.47142,76865323.0,8497059.0,1
167,1962,Chile,Yugoslavia,1.0,0.0,,,5765971144.47142,,8497059.0,,1
168,1962,Brazil,Czechoslovakia,3.0,1.0,,,19231747851.5332,,76865323.0,,1
169,1966,England,Uruguay,0.0,0.0,,,108572752102.045,1809185093.55188,54648500.0,2707646.0,0
170,1966,France,Mexico,1.0,1.0,,,109306730313.216,24320000000.0,50311637.0,44629106.0,0
171,1966,Uruguay,France,2.0,1.0,,,1809185093.55188,109306730313.216,2707646.0,50311637.0,1
172,1966,England,Mexico,2.0,0.0,,,108572752102.045,24320000000.0,54648500.0,44629106.0,1
173,1966,Mexico,Uruguay,0.0,0.0,,,24320000000.0,1809185093.55188,44629106.0,2707646.0,0
174,1966,England,France,2.0,0.0,,,108572752102.045,109306730313.216,54648500.0,50311637.0,1
175,1966,West Germany,Switzerland,5.0,0.0,,,,18019402373.5388,,5918002.0,1
176,1966,Argentina,Spain,2.0,1.0,,,28630474727.9023,29559436182.9186,22453893.0,32283194.0,1
177,1966,Spain,Switzerland,2.0,1.0,,,29559436182.9186,18019402373.5388,32283194.0,5918002.0,1
178,1966,Argentina,West Germany,0.0,0.0,,,28630474727.9023,,22453893.0,,0
179,1966,Argentina,Switzerland,2.0,0.0,,,28630474727.9023,18019402373.5388,22453893.0,5918002.0,1
180,1966,West Germany,Spain,2.0,1.0,,,,29559436182.9186,,32283194.0,1
181,1966,Brazil,Bulgaria,2.0,0.0,,,28283323733.1114,,86139359.0,8258057.0,1
182,1966,Portugal,Hungary,3.0,1.0,,,5370108031.12859,,8930990.0,10178653.0,1
183,1966,Hungary,Brazil,3.0,1.0,,,,28283323733.1114,10178653.0,86139359.0,1
184,1966,Portugal,Bulgaria,3.0,0.0,,,5370108031.12859,,8930990.0,8258057.0,1
185,1966,Portugal,Brazil,3.0,1.0,,,5370108031.12859,28283323733.1114,8930990.0,86139359.0,1
186,1966,Hungary,Bulgaria,3.0,1.0,,,,,10178653.0,8258057.0,1
187,1966,Soviet Union,North Korea,3.0,0.0,,,,,,,1
188,1966,Italy,Chile,2.0,0.0,,,76622444787.3696,7256882086.19585,52519000.0,9181722.0,1
189,1966,Chile,North Korea,1.0,1.0,,,7256882086.19585,,9181722.0,,0
190,1966,Soviet Union,Italy,1.0,0.0,,,,76622444787.3696,,52519000.0,1
191,1966,North Korea,Italy,1.0,0.0,,,,76622444787.3696,,52519000.0,1
192,1966,Soviet Union,Chile,2.0,1.0,,,,7256882086.19585,,9181722.0,1
193,1966,England,Argentina,1.0,0.0,,,108572752102.045,28630474727.9023,54648500.0,22453893.0,1
194,1966,West Germany,Uruguay,4.0,0.0,,,,1809185093.55188,,2707646.0,1
195,1966,Soviet Union,Hungary,2.0,1.0,,,,,,10178653.0,1
196,1966,Portugal,North Korea,5.0,3.0,,,5370108031.12859,,8930990.0,,1
197,1966,West Germany,Soviet Union,2.0,1.0,,,,,,,1
198,1966,England,Portugal,2.0,1.0,,,108572752102.045,5370108031.12859,54648500.0,8930990.0,1
199,1966,Portugal,Soviet Union,2.0,1.0,,,5370108031.12859,,8930990.0,,1
200,1966,England,West Germany,4.0,2.0,,,108572752102.045,,54648500.0,,1
201,1970,Mexico,Soviet Union,0.0,0.0,,,35520000000.0,,50814953.0,,0
202,1970,Belgium,El Salvador,3.0,0.0,,,26706196046.7931,1132920000.0,9655549.0,3668796.0,1
203,1970,Soviet Union,Belgium,4.0,1.0,,,,26706196046.7931,,9655549.0,1
204,1970,Mexico,El Salvador,4.0,0.0,,,35520000000.0,1132920000.0,50814953.0,3668796.0,1
205,1970,Soviet Union,El Salvador,2.0,0.0,,,,1132920000.0,,3668796.0,1
206,1970,Mexico,Belgium,1.0,0.0,,,35520000000.0,26706196046.7931,50814953.0,9655549.0,1
207,1970,Uruguay,Israel,2.0,0.0,,,2137096774.19355,7406712876.3832,2790807.0,2974000.0,1
208,1970,Italy,Sweden,1.0,0.0,,,113656669764.56,38037226668.2131,53821850.0,8042801.0,1
209,1970,Uruguay,Italy,0.0,0.0,,,2137096774.19355,113656669764.56,2790807.0,53821850.0,0
210,1970,Sweden,Israel,1.0,1.0,,,38037226668.2131,7406712876.3832,8042801.0,2974000.0,0
211,1970,Sweden,Uruguay,1.0,0.0,,,38037226668.2131,2137096774.19355,8042801.0,2790807.0,1
212,1970,Italy,Israel,0.0,0.0,,,113656669764.56,7406712876.3832,53821850.0,2974000.0,0
213,1970,England,Romania,1.0,0.0,,,130671946244.3,,55663250.0,20250398.0,1
214,1970,Brazil,Czechoslovakia,4.0,1.0,,,42327664793.6934,,95375651.0,,1
215,1970,Romania,Czechoslovakia,2.0,1.0,,,,,20250398.0,,1
216,1970,Brazil,England,1.0,0.0,,,42327664793.6934,130671946244.3,95375651.0,55663250.0,1
217,1970,Brazil,Romania,3.0,2.0,,,42327664793.6934,,95375651.0,20250398.0,1
218,1970,England,Czechoslovakia,1.0,0.0,,,130671946244.3,,55663250.0,,1
219,1970,Peru,Bulgaria,3.0,2.0,,,7432223176.93623,,13501237.0,8489574.0,1
220,1970,West Germany,Morocco,2.0,1.0,,,,3956336244.11865,,15129449.0,1
221,1970,Peru,Morocco,3.0,0.0,,,7432223176.93623,3956336244.11865,13501237.0,15129449.0,1
222,1970,West Germany,Bulgaria,5.0,2.0,,,,,,8489574.0,1
223,1970,West Germany,Peru,3.0,1.0,,,,7432223176.93623,,13501237.0,1
224,1970,Bulgaria,Morocco,1.0,1.0,,,,3956336244.11865,8489574.0,15129449.0,0
225,1970,Soviet Union,Uruguay,0.0,1.0,,,,2137096774.19355,,2790807.0,-1
226,1970,Italy,Mexico,4.0,1.0,,,113656669764.56,35520000000.0,53821850.0,50814953.0,1
227,1970,Brazil,Peru,4.0,2.0,,,42327664793.6934,7432223176.93623,95375651.0,13501237.0,1
228,1970,West Germany,England,3.0,2.0,,,,130671946244.3,,55663250.0,1
229,1970,Brazil,Uruguay,3.0,1.0,,,42327664793.6934,2137096774.19355,95375651.0,2790807.0,1
230,1970,Italy,West Germany,4.0,3.0,,,113656669764.56,,53821850.0,,1
231,1970,West Germany,Uruguay,1.0,0.0,,,,2137096774.19355,,2790807.0,1
232,1970,Brazil,Italy,4.0,1.0,,,42327664793.6934,113656669764.56,95375651.0,53821850.0,1
233,1974,West Germany,Chile,1.0,0.0,,,,16584311220.1384,,10505817.0,1
234,1974,East Germany,Australia,2.0,0.0,,,,89086219602.0634,,13723000.0,1
235,1974,Australia,West Germany,0.0,3.0,,,89086219602.0634,,13723000.0,,-1
236,1974,Chile,East Germany,1.0,1.0,,,16584311220.1384,,10505817.0,,0
237,1974,Australia,Chile,0.0,0.0,,,89086219602.0634,16584311220.1384,13723000.0,10505817.0,0
238,1974,East Germany,West Germany,1.0,0.0,,,,,,,1
239,1974,Brazil,Yugoslavia,0.0,0.0,,,109794519727.538,,105089675.0,,0
240,1974,Zaire,Scotland,0.0,2.0,,,,206131369798.971,,56229974.0,-1
241,1974,Yugoslavia,Zaire,9.0,0.0,,,,,,,1
242,1974,Scotland,Brazil,0.0,0.0,,,206131369798.971,109794519727.538,56229974.0,105089675.0,0
243,1974,Scotland,Yugoslavia,1.0,1.0,,,206131369798.971,,56229974.0,,0
244,1974,Zaire,Brazil,0.0,3.0,,,,109794519727.538,,105089675.0,-1
245,1974,Uruguay,Netherlands,0.0,2.0,,,4090209681.97172,87371810804.1643,2853944.0,13545056.0,-1
246,1974,Sweden,Bulgaria,0.0,0.0,,,65917634590.2599,,8159955.0,8678745.0,0
247,1974,Bulgaria,Uruguay,1.0,1.0,,,,4090209681.97172,8678745.0,2853944.0,0
248,1974,Netherlands,Sweden,0.0,0.0,,,87371810804.1643,65917634590.2599,13545056.0,8159955.0,0
249,1974,Bulgaria,Netherlands,1.0,4.0,,,,87371810804.1643,8678745.0,13545056.0,-1
250,1974,Sweden,Uruguay,3.0,0.0,,,65917634590.2599,4090209681.97172,8159955.0,2853944.0,1
251,1974,Italy,Haiti,3.0,1.0,,,200024444775.231,565399321.520814,55110868.0,5001796.0,1
252,1974,Poland,Argentina,3.0,2.0,,,,72436777342.4554,33678899.0,25461351.0,1
253,1974,Argentina,Italy,1.0,1.0,,,72436777342.4554,200024444775.231,25461351.0,55110868.0,0
254,1974,Haiti,Poland,0.0,7.0,,,565399321.520814,,5001796.0,33678899.0,-1
255,1974,Argentina,Haiti,4.0,1.0,,,72436777342.4554,565399321.520814,25461351.0,5001796.0,1
256,1974,Poland,Italy,2.0,1.0,,,,200024444775.231,33678899.0,55110868.0,1
257,1974,Netherlands,Argentina,4.0,0.0,,,87371810804.1643,72436777342.4554,13545056.0,25461351.0,1
258,1974,Brazil,East Germany,1.0,0.0,,,109794519727.538,,105089675.0,,1
259,1974,Argentina,Brazil,1.0,2.0,,,72436777342.4554,109794519727.538,25461351.0,105089675.0,-1
260,1974,East Germany,Netherlands,0.0,2.0,,,,87371810804.1643,,13545056.0,-1
261,1974,Argentina,East Germany,1.0,1.0,,,72436777342.4554,,25461351.0,,0
262,1974,Netherlands,Brazil,2.0,0.0,,,87371810804.1643,109794519727.538,13545056.0,105089675.0,1
263,1974,Yugoslavia,West Germany,0.0,2.0,,,,,,,-1
264,1974,Sweden,Poland,0.0,1.0,,,65917634590.2599,,8159955.0,33678899.0,-1
265,1974,Poland,Yugoslavia,2.0,1.0,,,,,33678899.0,,1
266,1974,West Germany,Sweden,4.0,2.0,,,,65917634590.2599,,8159955.0,1
267,1974,Poland,West Germany,0.0,1.0,,,,,33678899.0,,-1
268,1974,Sweden,Yugoslavia,2.0,1.0,,,65917634590.2599,,8159955.0,,1
269,1974,Brazil,Poland,0.0,1.0,,,109794519727.538,,105089675.0,33678899.0,-1
270,1974,Netherlands,West Germany,1.0,2.0,,,87371810804.1643,,13545056.0,,-1
271,1978,Italy,France,2.0,1.0,,,315784469541.41,501724418604.651,56155143.0,54734030.0,1
272,1978,Argentina,Hungary,2.0,1.0,,,89049453088.3282,17286744153.707,27132158.0,10684822.0,1
273,1978,Italy,Hungary,3.0,1.0,,,315784469541.41,17286744153.707,56155143.0,10684822.0,1
274,1978,Argentina,France,2.0,1.0,,,89049453088.3282,501724418604.651,27132158.0,54734030.0,1
275,1978,France,Hungary,3.0,1.0,,,501724418604.651,17286744153.707,54734030.0,10684822.0,1
276,1978,Argentina,Italy,0.0,1.0,,,89049453088.3282,315784469541.41,27132158.0,56155143.0,-1
277,1978,West Germany,Poland,0.0,0.0,,,,,,34965600.0,0
278,1978,Tunisia,Mexico,3.0,1.0,,,5968460080.1113,102648570299.117,6309390.0,63979046.0,1
279,1978,West Germany,Mexico,6.0,0.0,,,,102648570299.117,,63979046.0,1
280,1978,Poland,Tunisia,1.0,0.0,,,,5968460080.1113,34965600.0,6309390.0,1
281,1978,West Germany,Tunisia,0.0,0.0,,,,5968460080.1113,,6309390.0,0
282,1978,Poland,Mexico,3.0,1.0,,,,102648570299.117,34965600.0,63979046.0,1
283,1978,Austria,Spain,2.0,1.0,,,61809208755.804,160484969618.056,7562305.0,36864898.0,1
284,1978,Brazil,Sweden,1.0,1.0,,,200278646123.581,104290933495.629,115600942.0,8275599.0,0
285,1978,Austria,Sweden,1.0,0.0,,,61809208755.804,104290933495.629,7562305.0,8275599.0,1
286,1978,Brazil,Spain,0.0,0.0,,,200278646123.581,160484969618.056,115600942.0,36864898.0,0
287,1978,Spain,Sweden,1.0,0.0,,,160484969618.056,104290933495.629,36864898.0,8275599.0,1
288,1978,Brazil,Austria,1.0,0.0,,,200278646123.581,61809208755.804,115600942.0,7562305.0,1
289,1978,Peru,Scotland,3.0,1.0,,,12491876742.9708,335883029721.956,16516059.0,56196504.0,1
290,1978,Netherlands,Iran,3.0,0.0,,,156089077205.133,77994316621.4814,13941700.0,37126535.0,1
291,1978,Scotland,Iran,1.0,1.0,,,335883029721.956,77994316621.4814,56196504.0,37126535.0,0
292,1978,Netherlands,Peru,0.0,0.0,,,156089077205.133,12491876742.9708,13941700.0,16516059.0,0
293,1978,Peru,Iran,4.0,1.0,,,12491876742.9708,77994316621.4814,16516059.0,37126535.0,1
294,1978,Scotland,Netherlands,3.0,2.0,,,335883029721.956,156089077205.133,56196504.0,13941700.0,1
295,1978,Austria,Netherlands,1.0,5.0,,,61809208755.804,156089077205.133,7562305.0,13941700.0,-1
296,1978,Italy,West Germany,0.0,0.0,,,315784469541.41,,56155143.0,,0
297,1978,Netherlands,West Germany,2.0,2.0,,,156089077205.133,,13941700.0,,0
298,1978,Italy,Austria,1.0,0.0,,,315784469541.41,61809208755.804,56155143.0,7562305.0,1
299,1978,Austria,West Germany,3.0,2.0,,,61809208755.804,,7562305.0,,1
300,1978,Italy,Netherlands,1.0,2.0,,,315784469541.41,156089077205.133,56155143.0,13941700.0,-1
301,1978,Brazil,Peru,3.0,0.0,,,200278646123.581,12491876742.9708,115600942.0,16516059.0,1
302,1978,Argentina,Poland,2.0,0.0,,,89049453088.3282,,27132158.0,34965600.0,1
303,1978,Peru,Poland,0.0,1.0,,,12491876742.9708,,16516059.0,34965600.0,-1
304,1978,Argentina,Brazil,0.0,0.0,,,89049453088.3282,200278646123.581,27132158.0,115600942.0,0
305,1978,Brazil,Poland,3.0,1.0,,,200278646123.581,,115600942.0,34965600.0,1
306,1978,Argentina,Peru,6.0,0.0,,,89049453088.3282,12491876742.9708,27132158.0,16516059.0,1
307,1978,Brazil,Italy,2.0,1.0,,,200278646123.581,315784469541.41,115600942.0,56155143.0,1
308,1978,Argentina,Netherlands,3.0,1.0,,,89049453088.3282,156089077205.133,27132158.0,13941700.0,1
309,1982,Italy,Poland,0.0,0.0,,,428257421617.752,,56543548.0,36230481.0,0
310,1982,Peru,Cameroon,0.0,0.0,,,21794535621.216,6611255963.83584,18246503.0,9028678.0,0
311,1982,Italy,Peru,1.0,1.0,,,428257421617.752,21794535621.216,56543548.0,18246503.0,0
312,1982,Poland,Cameroon,0.0,0.0,,,,6611255963.83584,36230481.0,9028678.0,0
313,1982,Poland,Peru,5.0,1.0,,,,21794535621.216,36230481.0,18246503.0,1
314,1982,Italy,Cameroon,1.0,1.0,,,428257421617.752,6611255963.83584,56543548.0,9028678.0,0
315,1982,West Germany,Algeria,1.0,2.0,,,,45207167470.3497,,19872348.0,-1
316,1982,Chile,Austria,0.0,1.0,,,19710229067.2864,70996111962.5716,11850214.0,7574140.0,-1
317,1982,West Germany,Chile,4.0,1.0,,,,19710229067.2864,,11850214.0,1
318,1982,Algeria,Austria,0.0,2.0,,,45207167470.3497,70996111962.5716,19872348.0,7574140.0,-1
319,1982,Algeria,Chile,3.0,2.0,,,45207167470.3497,19710229067.2864,19872348.0,11850214.0,1
320,1982,West Germany,Austria,1.0,0.0,,,,70996111962.5716,,7574140.0,1
321,1982,Argentina,Belgium,0.0,1.0,,,84307486836.724,92095926187.5331,28924262.0,9856303.0,-1
322,1982,Hungary,El Salvador,10.0,1.0,,,24141667188.0517,3399189100.0,10705535.0,4622477.0,1
323,1982,Argentina,Hungary,4.0,1.0,,,84307486836.724,24141667188.0517,28924262.0,10705535.0,1
324,1982,Belgium,El Salvador,1.0,0.0,,,92095926187.5331,3399189100.0,9856303.0,4622477.0,1
325,1982,Belgium,Hungary,1.0,1.0,,,92095926187.5331,24141667188.0517,9856303.0,10705535.0,0
326,1982,Argentina,El Salvador,2.0,0.0,,,84307486836.724,3399189100.0,28924262.0,4622477.0,1
327,1982,England,France,3.0,1.0,,,515048916841.37,578152310609.841,56313641.0,55806789.0,1
328,1982,Czechoslovakia,Kuwait,1.0,1.0,,,,21577153356.4192,,1662480.0,0
329,1982,England,Czechoslovakia,2.0,0.0,,,515048916841.37,,56313641.0,,1
330,1982,France,Kuwait,4.0,1.0,,,578152310609.841,21577153356.4192,55806789.0,1662480.0,1
331,1982,France,Czechoslovakia,1.0,1.0,,,578152310609.841,,55806789.0,,0
332,1982,England,Kuwait,1.0,0.0,,,515048916841.37,21577153356.4192,56313641.0,1662480.0,1
333,1982,Spain,Honduras,1.0,1.0,,,195856752991.065,3619500000.0,37986012.0,3958728.0,0
334,1982,Yugoslavia,Northern Ireland,0.0,0.0,,,,515048916841.37,,56313641.0,0
335,1982,Spain,Yugoslavia,2.0,1.0,,,195856752991.065,,37986012.0,,1
336,1982,Honduras,Northern Ireland,1.0,1.0,,,3619500000.0,515048916841.37,3958728.0,56313641.0,0
337,1982,Honduras,Yugoslavia,0.0,1.0,,,3619500000.0,,3958728.0,,-1
338,1982,Spain,Northern Ireland,0.0,1.0,,,195856752991.065,515048916841.37,37986012.0,56313641.0,-1
339,1982,Brazil,Soviet Union,2.0,1.0,,,271314113768.417,,126923155.0,,1
340,1982,Scotland,New Zealand,5.0,2.0,,,515048916841.37,24164603058.9949,56313641.0,3156100.0,1
341,1982,Brazil,Scotland,4.0,1.0,,,271314113768.417,515048916841.37,126923155.0,56313641.0,1
342,1982,Soviet Union,New Zealand,3.0,0.0,,,,24164603058.9949,,3156100.0,1
343,1982,Soviet Union,Scotland,2.0,2.0,,,,515048916841.37,,56313641.0,0
344,1982,Brazil,New Zealand,4.0,0.0,,,271314113768.417,24164603058.9949,126923155.0,3156100.0,1
345,1982,Poland,Belgium,3.0,0.0,,,,92095926187.5331,36230481.0,9856303.0,1
346,1982,Belgium,Soviet Union,0.0,1.0,,,92095926187.5331,,9856303.0,,-1
347,1982,Soviet Union,Poland,0.0,0.0,,,,,,36230481.0,0
348,1982,West Germany,England,0.0,0.0,,,,515048916841.37,,56313641.0,0
349,1982,West Germany,Spain,2.0,1.0,,,,195856752991.065,,37986012.0,1
350,1982,Spain,England,0.0,0.0,,,195856752991.065,515048916841.37,37986012.0,56313641.0,0
351,1982,Italy,Argentina,2.0,1.0,,,428257421617.752,84307486836.724,56543548.0,28924262.0,1
352,1982,Argentina,Brazil,1.0,3.0,,,84307486836.724,271314113768.417,28924262.0,126923155.0,-1
353,1982,Italy,Brazil,3.0,2.0,,,428257421617.752,271314113768.417,56543548.0,126923155.0,1
354,1982,Austria,France,0.0,1.0,,,70996111962.5716,578152310609.841,7574140.0,55806789.0,-1
355,1982,Austria,Northern Ireland,2.0,2.0,,,70996111962.5716,515048916841.37,7574140.0,56313641.0,0
356,1982,France,Northern Ireland,4.0,1.0,,,578152310609.841,515048916841.37,55806789.0,56313641.0,1
357,1982,Poland,Italy,0.0,2.0,,,,428257421617.752,36230481.0,56543548.0,-1
358,1982,West Germany,France,3.0,3.0,,,,578152310609.841,,55806789.0,0
359,1982,Poland,France,3.0,2.0,,,,578152310609.841,36230481.0,55806789.0,1
360,1982,Italy,West Germany,3.0,1.0,,,428257421617.752,,56543548.0,,1
361,1986,Bulgaria,Italy,1.0,1.0,,,20249294117.6471,641862313287.44,8958171.0,56596155.0,0
362,1986,Argentina,South Korea,3.0,1.0,,,105872372613.857,119965960795.24,30811980.0,41213674.0,1
363,1986,Italy,Argentina,1.0,1.0,,,641862313287.44,105872372613.857,56596155.0,30811980.0,0
364,1986,South Korea,Bulgaria,1.0,1.0,,,119965960795.24,20249294117.6471,41213674.0,8958171.0,0
365,1986,South Korea,Italy,2.0,3.0,,,119965960795.24,641862313287.44,41213674.0,56596155.0,-1
366,1986,Argentina,Bulgaria,2.0,0.0,,,105872372613.857,20249294117.6471,30811980.0,8958171.0,1
367,1986,Belgium,Mexico,1.0,2.0,,,120018787249.413,134556034672.991,9861823.0,76585637.0,-1
368,1986,Paraguay,Iraq,1.0,0.0,,,3723993942.79088,47264516129.0323,3611474.0,16074145.0,1
369,1986,Mexico,Paraguay,1.0,1.0,,,134556034672.991,3723993942.79088,76585637.0,3611474.0,0
370,1986,Iraq,Belgium,1.0,2.0,,,47264516129.0323,120018787249.413,16074145.0,9861823.0,-1
371,1986,Paraguay,Belgium,2.0,2.0,,,3723993942.79088,120018787249.413,3611474.0,9861823.0,0
372,1986,Iraq,Mexico,0.0,1.0,,,47264516129.0323,134556034672.991,16074145.0,76585637.0,-1
373,1986,Canada,France,0.0,1.0,,,379006836991.724,764946585850.933,26100278.0,56956002.0,-1
374,1986,Soviet Union,Hungary,6.0,0.0,,,,24778163812.0131,,10630564.0,1
375,1986,France,Soviet Union,1.0,1.0,,,764946585850.933,,56956002.0,,0
376,1986,Hungary,Canada,2.0,0.0,,,24778163812.0131,379006836991.724,10630564.0,26100278.0,1
377,1986,Hungary,France,0.0,3.0,,,24778163812.0131,764946585850.933,10630564.0,56956002.0,-1
378,1986,Soviet Union,Canada,2.0,0.0,,,,379006836991.724,,26100278.0,1
379,1986,Spain,Brazil,0.0,1.0,,,251141555185.933,256480852471.129,38584624.0,138336370.0,-1
380,1986,Algeria,Northern Ireland,1.0,1.0,,,63692007897.3834,601452653180.885,22745499.0,56681396.0,0
381,1986,Brazil,Algeria,1.0,0.0,,,256480852471.129,63692007897.3834,138336370.0,22745499.0,1
382,1986,Northern Ireland,Spain,1.0,2.0,,,601452653180.885,251141555185.933,56681396.0,38584624.0,-1
383,1986,Northern Ireland,Brazil,0.0,3.0,,,601452653180.885,256480852471.129,56681396.0,138336370.0,-1
384,1986,Algeria,Spain,0.0,3.0,,,63692007897.3834,251141555185.933,22745499.0,38584624.0,-1
385,1986,Uruguay,West Germany,1.0,1.0,,,5880112788.40947,,3032845.0,,0
386,1986,Scotland,Denmark,0.0,1.0,,,601452653180.885,87748695216.9077,56681396.0,5120534.0,-1
387,1986,West Germany,Scotland,2.0,1.0,,,,601452653180.885,,56681396.0,1
388,1986,Denmark,Uruguay,6.0,1.0,,,87748695216.9077,5880112788.40947,5120534.0,3032845.0,1
389,1986,Denmark,West Germany,2.0,0.0,,,87748695216.9077,,5120534.0,,1
390,1986,Scotland,Uruguay,0.0,0.0,,,601452653180.885,5880112788.40947,56681396.0,3032845.0,0
391,1986,Morocco,Poland,0.0,0.0,,,19462085540.2231,,22600803.0,37456119.0,0
392,1986,Portugal,England,1.0,0.0,,,38745901353.7059,601452653180.885,10032734.0,56681396.0,1
393,1986,England,Morocco,0.0,0.0,,,601452653180.885,19462085540.2231,56681396.0,22600803.0,0
394,1986,Poland,Portugal,1.0,0.0,,,,38745901353.7059,37456119.0,10032734.0,1
395,1986,England,Poland,3.0,0.0,,,601452653180.885,,56681396.0,37456119.0,1
396,1986,Portugal,Morocco,1.0,3.0,,,38745901353.7059,19462085540.2231,10032734.0,22600803.0,-1
397,1986,Mexico,Bulgaria,2.0,0.0,,,134556034672.991,20249294117.6471,76585637.0,8958171.0,1
398,1986,Soviet Union,Belgium,3.0,4.0,,,,120018787249.413,,9861823.0,-1
399,1986,Brazil,Poland,4.0,0.0,,,256480852471.129,,138336370.0,37456119.0,1
400,1986,Argentina,Uruguay,1.0,0.0,,,105872372613.857,5880112788.40947,30811980.0,3032845.0,1
401,1986,Italy,France,0.0,2.0,,,641862313287.44,764946585850.933,56596155.0,56956002.0,-1
402,1986,Morocco,West Germany,0.0,1.0,,,19462085540.2231,,22600803.0,,-1
403,1986,England,Paraguay,3.0,0.0,,,601452653180.885,3723993942.79088,56681396.0,3611474.0,1
404,1986,Denmark,Spain,1.0,5.0,,,87748695216.9077,251141555185.933,5120534.0,38584624.0,-1
405,1986,Brazil,France,1.0,1.0,,,256480852471.129,764946585850.933,138336370.0,56956002.0,0
406,1986,West Germany,Mexico,0.0,0.0,,,,134556034672.991,,76585637.0,0
407,1986,Argentina,England,2.0,1.0,,,105872372613.857,601452653180.885,30811980.0,56681396.0,1
408,1986,Spain,Belgium,1.0,1.0,,,251141555185.933,120018787249.413,38584624.0,9861823.0,0
409,1986,France,West Germany,0.0,2.0,,,764946585850.933,,56956002.0,,-1
410,1986,Argentina,Belgium,2.0,0.0,,,105872372613.857,120018787249.413,30811980.0,9861823.0,1
411,1986,Belgium,France,2.0,4.0,,,120018787249.413,764946585850.933,9861823.0,56956002.0,-1
412,1986,Argentina,West Germany,3.0,2.0,,,105872372613.857,,30811980.0,,1
413,1990,Cameroon,Colombia,2.0,1.0,,,12314482627.8454,47844090709.9908,11331821.0,32440069.0,1
414,1990,Czechoslovakia,Costa Rica,4.0,1.0,,,,5711687786.75989,,3121706.0,1
415,1990,Brazil,Argentina,0.0,1.0,,,390725626002.866,141352654305.163,149143223.0,32755901.0,-1
416,1990,West Germany,Netherlands,2.0,1.0,,,,318799003993.707,,14951510.0,1
417,1990,Republic of Ireland,Romania,0.0,0.0,,,,38247882300.4904,,23201835.0,0
418,1990,Italy,Uruguay,2.0,0.0,,,1183945130898.51,9298807850.29979,56719240.0,3104403.0,1
419,1990,Spain,Yugoslavia,1.0,2.0,,,536175326477.31,,38867322.0,,-1
420,1990,England,Belgium,1.0,0.0,,,1093169389204.55,205331747947.851,57247586.0,9967379.0,1
421,1990,Argentina,Yugoslavia,0.0,0.0,,,141352654305.163,,32755901.0,,0
422,1990,Republic of Ireland,Italy,0.0,1.0,,,,1183945130898.51,,56719240.0,-1
423,1990,Czechoslovakia,West Germany,0.0,1.0,,,,,,,-1
424,1990,Cameroon,England,2.0,3.0,,,12314482627.8454,1093169389204.55,11331821.0,57247586.0,-1
425,1990,Argentina,Italy,1.0,1.0,,,141352654305.163,1183945130898.51,32755901.0,56719240.0,0
426,1990,West Germany,England,1.0,1.0,,,,1093169389204.55,,57247586.0,0
427,1990,Italy,England,2.0,1.0,,,1183945130898.51,1093169389204.55,56719240.0,57247586.0,1
428,1990,West Germany,Argentina,1.0,0.0,,,,141352654305.163,,32755901.0,1
429,1994,United States,Switzerland,1.0,1.0,21.0,8.0,7287236000000.0,301375055202.164,263126000.0,6993795.0,0
430,1994,Colombia,Romania,1.0,3.0,20.0,18.0,81703500846.0364,30072805104.2542,35127410.0,22730211.0,-1
431,1994,Romania,Switzerland,1.0,4.0,18.0,8.0,30072805104.2542,301375055202.164,22730211.0,6993795.0,-1
432,1994,United States,Colombia,2.0,1.0,21.0,20.0,7287236000000.0,81703500846.0364,263126000.0,35127410.0,1
433,1994,Switzerland,Colombia,0.0,2.0,8.0,20.0,301375055202.164,81703500846.0364,6993795.0,35127410.0,-1
434,1994,United States,Romania,0.0,1.0,21.0,18.0,7287236000000.0,30072805104.2542,263126000.0,22730211.0,-1
435,1994,Cameroon,Sweden,2.0,2.0,29.0,10.0,8902446252.18372,228699066874.028,12704903.0,8780745.0,0
436,1994,Brazil,Russia,2.0,0.0,2.0,13.0,525369851353.742,,159265006.0,,1
437,1994,Brazil,Cameroon,3.0,0.0,2.0,29.0,525369851353.742,8902446252.18372,159265006.0,12704903.0,1
438,1994,Sweden,Russia,3.0,1.0,10.0,13.0,228699066874.028,,8780745.0,,1
439,1994,Russia,Cameroon,6.0,1.0,13.0,29.0,,8902446252.18372,,12704903.0,1
440,1994,Brazil,Sweden,1.0,1.0,2.0,10.0,525369851353.742,228699066874.028,159265006.0,8780745.0,0
441,1994,Germany,Bolivia,1.0,0.0,1.0,55.0,2215282632276.73,5981222858.82727,81438348.0,7727322.0,1
442,1994,Spain,South Korea,2.0,2.0,6.0,42.0,530183651720.283,479181794216.859,39549108.0,44641540.0,0
443,1994,Germany,Spain,1.0,1.0,1.0,6.0,2215282632276.73,530183651720.283,81438348.0,39549108.0,0
444,1994,South Korea,Bolivia,0.0,0.0,42.0,55.0,479181794216.859,5981222858.82727,44641540.0,7727322.0,0
445,1994,Bolivia,Spain,1.0,3.0,55.0,6.0,5981222858.82727,530183651720.283,7727322.0,39549108.0,-1
446,1994,Germany,South Korea,3.0,2.0,1.0,42.0,2215282632276.73,479181794216.859,81438348.0,44641540.0,1
447,1994,Argentina,Greece,4.0,0.0,9.0,32.0,257440000000.0,114980063202.247,34613491.0,10512922.0,1
448,1994,Nigeria,Bulgaria,3.0,0.0,15.0,23.0,80399613063.6364,9709240033.98973,107935714.0,8443591.0,1
449,1994,Argentina,Nigeria,2.0,1.0,9.0,15.0,257440000000.0,80399613063.6364,34613491.0,107935714.0,1
450,1994,Bulgaria,Greece,4.0,0.0,23.0,32.0,9709240033.98973,114980063202.247,8443591.0,10512922.0,1
451,1994,Argentina,Bulgaria,0.0,2.0,9.0,23.0,257440000000.0,9709240033.98973,34613491.0,8443591.0,-1
452,1994,Greece,Nigeria,0.0,2.0,32.0,15.0,114980063202.247,80399613063.6364,10512922.0,107935714.0,-1
453,1994,Italy,Republic of Ireland,0.0,1.0,7.0,11.0,1101750159702.21,,56843400.0,,-1
454,1994,Norway,Mexico,1.0,0.0,5.0,17.0,127131319428.701,553618247900.74,4336613.0,89259205.0,1
455,1994,Italy,Norway,1.0,0.0,7.0,5.0,1101750159702.21,127131319428.701,56843400.0,4336613.0,1
456,1994,Mexico,Republic of Ireland,2.0,1.0,17.0,11.0,553618247900.74,,89259205.0,,1
457,1994,Italy,Mexico,1.0,1.0,7.0,17.0,1101750159702.21,553618247900.74,56843400.0,89259205.0,0
458,1994,Republic of Ireland,Norway,0.0,0.0,11.0,5.0,,127131319428.701,,4336613.0,0
459,1994,Belgium,Morocco,1.0,0.0,26.0,28.0,244884129491.198,35604137422.5796,10115603.0,26000822.0,1
460,1994,Netherlands,Saudi Arabia,2.0,1.0,3.0,36.0,379688232231.505,135174899866.489,15382838.0,12750040.0,1
461,1994,Belgium,Netherlands,1.0,0.0,26.0,3.0,244884129491.198,379688232231.505,10115603.0,15382838.0,1
462,1994,Saudi Arabia,Morocco,2.0,1.0,36.0,28.0,135174899866.489,35604137422.5796,12750040.0,26000822.0,1
463,1994,Belgium,Saudi Arabia,0.0,1.0,26.0,36.0,244884129491.198,135174899866.489,10115603.0,12750040.0,-1
464,1994,Morocco,Netherlands,1.0,2.0,28.0,3.0,35604137422.5796,379688232231.505,26000822.0,15382838.0,-1
465,1994,Germany,Belgium,3.0,2.0,1.0,26.0,2215282632276.73,244884129491.198,81438348.0,10115603.0,1
466,1994,Spain,Switzerland,3.0,0.0,6.0,8.0,530183651720.283,301375055202.164,39549108.0,6993795.0,1
467,1994,Saudi Arabia,Sweden,1.0,3.0,36.0,10.0,135174899866.489,228699066874.028,12750040.0,8780745.0,-1
468,1994,Romania,Argentina,3.0,2.0,18.0,9.0,30072805104.2542,257440000000.0,22730211.0,34613491.0,1
469,1994,Netherlands,Republic of Ireland,2.0,0.0,3.0,11.0,379688232231.505,,15382838.0,,1
470,1994,Brazil,United States,1.0,0.0,2.0,21.0,525369851353.742,7287236000000.0,159265006.0,263126000.0,1
471,1994,Nigeria,Italy,1.0,2.0,15.0,7.0,80399613063.6364,1101750159702.21,107935714.0,56843400.0,-1
472,1994,Mexico,Bulgaria,1.0,1.0,17.0,23.0,553618247900.74,9709240033.98973,89259205.0,8443591.0,0
473,1994,Italy,Spain,2.0,1.0,7.0,6.0,1101750159702.21,530183651720.283,56843400.0,39549108.0,1
474,1994,Netherlands,Brazil,2.0,3.0,3.0,2.0,379688232231.505,525369851353.742,15382838.0,159265006.0,-1
475,1994,Bulgaria,Germany,2.0,1.0,23.0,1.0,9709240033.98973,2215282632276.73,8443591.0,81438348.0,1
476,1994,Romania,Sweden,2.0,2.0,18.0,10.0,30072805104.2542,228699066874.028,22730211.0,8780745.0,0
477,1994,Bulgaria,Italy,1.0,2.0,23.0,7.0,9709240033.98973,1101750159702.21,8443591.0,56843400.0,-1
478,1994,Sweden,Brazil,0.0,1.0,10.0,2.0,228699066874.028,525369851353.742,8780745.0,159265006.0,-1
479,1994,Sweden,Bulgaria,4.0,0.0,10.0,23.0,228699066874.028,9709240033.98973,8780745.0,8443591.0,1
480,1994,Brazil,Italy,0.0,0.0,2.0,7.0,525369851353.742,1101750159702.21,159265006.0,56843400.0,0
481,1998,Brazil,Scotland,2.0,1.0,1.0,37.0,863711007325.493,1660821464060.95,169159655.0,58487141.0,1
482,1998,Morocco,Norway,2.0,2.0,13.0,10.0,46497608724.9865,154230295158.447,27621648.0,4431464.0,0
483,1998,Scotland,Norway,1.0,1.0,37.0,10.0,1660821464060.95,154230295158.447,58487141.0,4431464.0,0
484,1998,Brazil,Morocco,3.0,0.0,1.0,13.0,863711007325.493,46497608724.9865,169159655.0,27621648.0,1
485,1998,Scotland,Morocco,0.0,3.0,37.0,13.0,1660821464060.95,46497608724.9865,58487141.0,27621648.0,-1
486,1998,Brazil,Norway,1.0,2.0,1.0,10.0,863711007325.493,154230295158.447,169159655.0,4431464.0,-1
487,1998,Italy,Chile,2.0,2.0,14.0,7.0,1272729786996.77,81990010704.0602,56906744.0,15127799.0,0
488,1998,Cameroon,Austria,1.0,1.0,49.0,27.0,11298144990.4104,217068085815.918,14144860.0,7976789.0,0
489,1998,Chile,Austria,1.0,1.0,7.0,27.0,81990010704.0602,217068085815.918,15127799.0,7976789.0,0
490,1998,Italy,Cameroon,3.0,0.0,14.0,49.0,1272729786996.77,11298144990.4104,56906744.0,14144860.0,1
491,1998,Italy,Austria,2.0,1.0,14.0,27.0,1272729786996.77,217068085815.918,56906744.0,7976789.0,1
492,1998,Chile,Cameroon,1.0,1.0,7.0,49.0,81990010704.0602,11298144990.4104,15127799.0,14144860.0,0
493,1998,Saudi Arabia,Denmark,0.0,1.0,32.0,24.0,146775466666.667,176877077513.133,14922185.0,5304219.0,-1
494,1998,France,South Africa,3.0,0.0,6.0,36.0,1496906382032.47,152982984557.233,60190684.0,46223880.0,1
495,1998,South Africa,Denmark,1.0,1.0,36.0,24.0,152982984557.233,176877077513.133,46223880.0,5304219.0,0
496,1998,France,Saudi Arabia,4.0,0.0,6.0,32.0,1496906382032.47,146775466666.667,60190684.0,14922185.0,1
497,1998,France,Denmark,2.0,1.0,6.0,24.0,1496906382032.47,176877077513.133,60190684.0,5304219.0,1
498,1998,South Africa,Saudi Arabia,2.0,2.0,36.0,32.0,152982984557.233,146775466666.667,46223880.0,14922185.0,0
499,1998,Paraguay,Bulgaria,0.0,0.0,30.0,38.0,9260481572.42462,15031055046.7575,4900025.0,8256786.0,0
500,1998,Spain,Nigeria,2.0,3.0,23.0,67.0,618731484575.12,218416200672.727,40223509.0,119846254.0,-1
501,1998,Nigeria,Bulgaria,1.0,0.0,67.0,38.0,218416200672.727,15031055046.7575,119846254.0,8256786.0,1
502,1998,Spain,Paraguay,0.0,0.0,23.0,30.0,618731484575.12,9260481572.42462,40223509.0,4900025.0,0
503,1998,Nigeria,Paraguay,1.0,3.0,67.0,30.0,218416200672.727,9260481572.42462,119846254.0,4900025.0,-1
504,1998,Spain,Bulgaria,6.0,1.0,23.0,38.0,618731484575.12,15031055046.7575,40223509.0,8256786.0,1
505,1998,South Korea,Mexico,1.0,3.0,20.0,4.0,397297216492.19,557461102630.658,46286503.0,95575245.0,-1
506,1998,Netherlands,Belgium,0.0,0.0,25.0,41.0,438612530548.767,258528339631.029,15707209.0,10203008.0,0
507,1998,Belgium,Mexico,2.0,2.0,41.0,4.0,258528339631.029,557461102630.658,10203008.0,95575245.0,0
508,1998,Netherlands,South Korea,5.0,0.0,25.0,20.0,438612530548.767,397297216492.19,15707209.0,46286503.0,1
509,1998,Netherlands,Mexico,2.0,2.0,25.0,4.0,438612530548.767,557461102630.658,15707209.0,95575245.0,0
510,1998,Belgium,South Korea,1.0,1.0,41.0,20.0,258528339631.029,397297216492.19,10203008.0,46286503.0,0
511,1998,FR Yugoslavia,Iran,1.0,0.0,8.0,47.0,,110276913362.508,,64519859.0,1
512,1998,Germany,United States,2.0,0.0,2.0,12.0,2247760364565.97,9062818202000.0,82047195.0,275854000.0,1
513,1998,Germany,FR Yugoslavia,2.0,2.0,2.0,8.0,2247760364565.97,,82047195.0,,0
514,1998,United States,Iran,1.0,2.0,12.0,47.0,9062818202000.0,110276913362.508,275854000.0,64519859.0,-1
515,1998,Germany,Iran,2.0,0.0,2.0,47.0,2247760364565.97,110276913362.508,82047195.0,64519859.0,1
516,1998,United States,FR Yugoslavia,0.0,1.0,12.0,8.0,9062818202000.0,,275854000.0,,-1
517,1998,England,Tunisia,2.0,0.0,5.0,19.0,1660821464060.95,21802893587.126,58487141.0,9541667.0,1
518,1998,Romania,Colombia,1.0,0.0,11.0,15.0,41696091973.7076,98443739941.1664,22507344.0,37792165.0,1
519,1998,Colombia,Tunisia,1.0,0.0,15.0,19.0,98443739941.1664,21802893587.126,37792165.0,9541667.0,1
520,1998,Romania,England,2.0,1.0,11.0,5.0,41696091973.7076,1660821464060.95,22507344.0,58487141.0,1
521,1998,Colombia,England,0.0,2.0,15.0,5.0,98443739941.1664,1660821464060.95,37792165.0,58487141.0,-1
522,1998,Romania,Tunisia,1.0,1.0,11.0,19.0,41696091973.7076,21802893587.126,22507344.0,9541667.0,0
523,1998,Argentina,Japan,1.0,0.0,17.0,9.0,298948250000.0,4098362709531.24,36372860.0,126400000.0,1
524,1998,Jamaica,Croatia,1.0,3.0,33.0,16.0,8787195622.43502,25890228429.7214,2569736.0,4532135.0,-1
525,1998,Japan,Croatia,0.0,1.0,9.0,16.0,4098362709531.24,25890228429.7214,126400000.0,4532135.0,-1
526,1998,Argentina,Jamaica,5.0,0.0,17.0,33.0,298948250000.0,8787195622.43502,36372860.0,2569736.0,1
527,1998,Argentina,Croatia,1.0,0.0,17.0,16.0,298948250000.0,25890228429.7214,36372860.0,4532135.0,1
528,1998,Japan,Jamaica,1.0,2.0,9.0,33.0,4098362709531.24,8787195622.43502,126400000.0,2569736.0,-1
529,1998,Italy,Norway,1.0,0.0,14.0,10.0,1272729786996.77,154230295158.447,56906744.0,4431464.0,1
530,1998,Brazil,Chile,4.0,1.0,1.0,7.0,863711007325.493,81990010704.0602,169159655.0,15127799.0,1
531,1998,France,Paraguay,1.0,0.0,6.0,30.0,1496906382032.47,9260481572.42462,60190684.0,4900025.0,1
532,1998,Nigeria,Denmark,1.0,4.0,67.0,24.0,218416200672.727,176877077513.133,119846254.0,5304219.0,-1
533,1998,Germany,Mexico,2.0,1.0,2.0,4.0,2247760364565.97,557461102630.658,82047195.0,95575245.0,1
534,1998,Netherlands,FR Yugoslavia,2.0,1.0,25.0,8.0,438612530548.767,,15707209.0,,1
535,1998,Romania,Croatia,0.0,1.0,11.0,16.0,41696091973.7076,25890228429.7214,22507344.0,4532135.0,-1
536,1998,Argentina,England,2.0,2.0,17.0,5.0,298948250000.0,1660821464060.95,36372860.0,58487141.0,0
537,1998,Italy,France,0.0,0.0,14.0,6.0,1272729786996.77,1496906382032.47,56906744.0,60190684.0,0
538,1998,Brazil,Denmark,3.0,2.0,1.0,24.0,863711007325.493,176877077513.133,169159655.0,5304219.0,1
539,1998,Netherlands,Argentina,2.0,1.0,25.0,17.0,438612530548.767,298948250000.0,15707209.0,36372860.0,1
540,1998,Germany,Croatia,0.0,3.0,2.0,16.0,2247760364565.97,25890228429.7214,82047195.0,4532135.0,-1
541,1998,Brazil,Netherlands,1.0,1.0,1.0,25.0,863711007325.493,438612530548.767,169159655.0,15707209.0,0
542,1998,France,Croatia,2.0,1.0,6.0,16.0,1496906382032.47,25890228429.7214,60190684.0,4532135.0,1
543,1998,Netherlands,Croatia,1.0,2.0,25.0,16.0,438612530548.767,25890228429.7214,15707209.0,4532135.0,-1
544,1998,Brazil,France,0.0,3.0,1.0,6.0,863711007325.493,1496906382032.47,169159655.0,60190684.0,-1
545,2002,France,Senegal,0.0,1.0,1.0,68.0,1492427756382.43,7006402319.75856,61812142.0,10466214.0,-1
546,2002,Uruguay,Denmark,1.0,2.0,22.0,17.0,13606515722.5864,178788209558.311,3278867.0,5375931.0,-1
547,2002,Denmark,Senegal,1.0,1.0,17.0,68.0,178788209558.311,7006402319.75856,5375931.0,10466214.0,0
548,2002,France,Uruguay,0.0,0.0,1.0,22.0,1492427756382.43,13606515722.5864,61812142.0,3278867.0,0
549,2002,Denmark,France,2.0,0.0,17.0,1.0,178788209558.311,1492427756382.43,5375931.0,61812142.0,1
550,2002,Senegal,Uruguay,3.0,3.0,68.0,22.0,7006402319.75856,13606515722.5864,10466214.0,3278867.0,0
551,2002,Paraguay,South Africa,2.0,2.0,13.0,33.0,7196260656.84556,129087556612.449,5261328.0,48019415.0,0
552,2002,Spain,Slovenia,3.0,1.0,7.0,27.0,708938227243.923,23214593516.2095,41431558.0,1994530.0,1
553,2002,Spain,Paraguay,3.0,1.0,7.0,13.0,708938227243.923,7196260656.84556,41431558.0,5261328.0,1
554,2002,South Africa,Slovenia,1.0,0.0,33.0,27.0,129087556612.449,23214593516.2095,48019415.0,1994530.0,1
555,2002,South Africa,Spain,2.0,3.0,33.0,7.0,129087556612.449,708938227243.923,48019415.0,41431558.0,-1
556,2002,Slovenia,Paraguay,1.0,3.0,27.0,13.0,23214593516.2095,7196260656.84556,1994530.0,5261328.0,-1
557,2002,Brazil,Turkey,2.0,1.0,3.0,23.0,509795270685.19,,178503484.0,,1
558,2002,China,Costa Rica,0.0,2.0,55.0,30.0,1489821682050.54,16578820687.2881,1280400000.0,4075705.0,-1
559,2002,Brazil,China,4.0,0.0,3.0,55.0,509795270685.19,1489821682050.54,178503484.0,1280400000.0,1
560,2002,Costa Rica,Turkey,1.0,1.0,30.0,23.0,16578820687.2881,,4075705.0,,0
561,2002,Costa Rica,Brazil,2.0,5.0,30.0,3.0,16578820687.2881,509795270685.19,4075705.0,178503484.0,-1
562,2002,Turkey,China,3.0,0.0,23.0,55.0,,1489821682050.54,,1280400000.0,1
563,2002,South Korea,Poland,2.0,0.0,42.0,31.0,650014391470.21,199694463255.567,47644736.0,38230364.0,1
564,2002,United States,Portugal,3.0,2.0,24.0,4.0,10929112955000.0,134795565549.419,287625193.0,10419631.0,1
565,2002,South Korea,United States,1.0,1.0,42.0,24.0,650014391470.21,10929112955000.0,47644736.0,287625193.0,0
566,2002,Portugal,Poland,4.0,0.0,4.0,31.0,134795565549.419,199694463255.567,10419631.0,38230364.0,1
567,2002,Portugal,South Korea,0.0,1.0,4.0,42.0,134795565549.419,650014391470.21,10419631.0,47644736.0,-1
568,2002,Poland,United States,3.0,1.0,31.0,24.0,199694463255.567,10929112955000.0,38230364.0,287625193.0,1
569,2002,Republic of Ireland,Cameroon,1.0,1.0,18.0,37.0,,12417251350.4882,,15725528.0,0
570,2002,Germany,Saudi Arabia,8.0,0.0,12.0,32.0,2102350798305.89,189605866666.667,82488495.0,17910910.0,1
571,2002,Germany,Republic of Ireland,1.0,1.0,12.0,18.0,2102350798305.89,,82488495.0,,0
572,2002,Cameroon,Saudi Arabia,1.0,0.0,37.0,32.0,12417251350.4882,189605866666.667,15725528.0,17910910.0,1
573,2002,Cameroon,Germany,0.0,2.0,37.0,12.0,12417251350.4882,2102350798305.89,15725528.0,82488495.0,-1
574,2002,Saudi Arabia,Republic of Ireland,0.0,3.0,32.0,18.0,189605866666.667,,17910910.0,,-1
575,2002,Argentina,Nigeria,1.0,0.0,2.0,40.0,97724004251.8602,95054059302.6995,38029349.0,133471989.0,1
576,2002,England,Sweden,1.0,1.0,10.0,16.0,1790536570743.41,267371907446.776,59370479.0,8924958.0,0
577,2002,Sweden,Nigeria,2.0,1.0,16.0,40.0,267371907446.776,95054059302.6995,8924958.0,133471989.0,1
578,2002,Argentina,England,0.0,1.0,2.0,10.0,97724004251.8602,1790536570743.41,38029349.0,59370479.0,-1
579,2002,Sweden,Argentina,1.0,1.0,16.0,2.0,267371907446.776,97724004251.8602,8924958.0,38029349.0,0
580,2002,Nigeria,England,0.0,0.0,40.0,10.0,95054059302.6995,1790536570743.41,133471989.0,59370479.0,0
581,2002,Croatia,Mexico,0.0,1.0,19.0,9.0,26757722428.6781,810666116401.915,4302174.0,101548624.0,-1
582,2002,Italy,Ecuador,2.0,0.0,6.0,38.0,1281746271196.04,27054197000.0,57089824.0,13138472.0,1
583,2002,Italy,Croatia,1.0,2.0,6.0,19.0,1281746271196.04,26757722428.6781,57089824.0,4302174.0,-1
584,2002,Mexico,Ecuador,2.0,1.0,9.0,38.0,810666116401.915,27054197000.0,101548624.0,13138472.0,1
585,2002,Mexico,Italy,1.0,1.0,9.0,6.0,810666116401.915,1281746271196.04,101548624.0,57089824.0,0
586,2002,Ecuador,Croatia,1.0,0.0,38.0,19.0,27054197000.0,26757722428.6781,13138472.0,4302174.0,1
587,2002,Japan,Belgium,2.0,2.0,35.0,20.0,4182846045873.61,258383599375.177,127445000.0,10332785.0,0
588,2002,Russia,Tunisia,2.0,0.0,21.0,28.0,,23141616604.5242,,9971515.0,1
589,2002,Japan,Russia,1.0,0.0,35.0,21.0,4182846045873.61,,127445000.0,,1
590,2002,Tunisia,Belgium,1.0,1.0,28.0,20.0,23141616604.5242,258383599375.177,9971515.0,10332785.0,0
591,2002,Tunisia,Japan,0.0,2.0,28.0,35.0,23141616604.5242,4182846045873.61,9971515.0,127445000.0,-1
592,2002,Belgium,Russia,3.0,2.0,20.0,21.0,258383599375.177,,10332785.0,,1
593,2002,Germany,Paraguay,1.0,0.0,12.0,13.0,2102350798305.89,7196260656.84556,82488495.0,5261328.0,1
594,2002,Denmark,England,0.0,3.0,17.0,10.0,178788209558.311,1790536570743.41,5375931.0,59370479.0,-1
595,2002,Sweden,Senegal,1.0,2.0,16.0,68.0,267371907446.776,7006402319.75856,8924958.0,10466214.0,-1
596,2002,Spain,Republic of Ireland,1.0,1.0,7.0,18.0,708938227243.923,,41431558.0,,0
597,2002,Mexico,United States,0.0,2.0,9.0,24.0,810666116401.915,10929112955000.0,101548624.0,287625193.0,-1
598,2002,Brazil,Belgium,2.0,0.0,3.0,20.0,509795270685.19,258383599375.177,178503484.0,10332785.0,1
599,2002,Japan,Turkey,0.0,1.0,35.0,23.0,4182846045873.61,,127445000.0,,-1
600,2002,South Korea,Italy,2.0,1.0,42.0,6.0,650014391470.21,1281746271196.04,47644736.0,57089824.0,1
601,2002,England,Brazil,1.0,2.0,10.0,3.0,1790536570743.41,509795270685.19,59370479.0,178503484.0,-1
602,2002,Germany,United States,1.0,0.0,12.0,24.0,2102350798305.89,10929112955000.0,82488495.0,287625193.0,1
603,2002,Spain,South Korea,0.0,0.0,7.0,42.0,708938227243.923,650014391470.21,41431558.0,47644736.0,0
604,2002,Senegal,Turkey,0.0,1.0,68.0,23.0,7006402319.75856,,10466214.0,,-1
605,2002,Germany,South Korea,1.0,0.0,12.0,42.0,2102350798305.89,650014391470.21,82488495.0,47644736.0,1
606,2002,Brazil,Turkey,1.0,0.0,3.0,23.0,509795270685.19,,178503484.0,,1
607,2002,South Korea,Turkey,2.0,3.0,42.0,23.0,650014391470.21,,47644736.0,,-1
608,2002,Germany,Brazil,0.0,2.0,12.0,3.0,2102350798305.89,509795270685.19,82488495.0,178503484.0,-1
609,2006,Germany,Costa Rica,4.0,2.0,17.0,21.0,3046308753670.58,22715540324.3032,82376451.0,4321340.0,1
610,2006,Poland,Ecuador,0.0,2.0,22.0,38.0,345897630736.173,45690762000.0,38141267.0,14086131.0,-1
611,2006,Germany,Poland,1.0,0.0,17.0,22.0,3046308753670.58,345897630736.173,82376451.0,38141267.0,1
612,2006,Ecuador,Costa Rica,3.0,0.0,38.0,21.0,45690762000.0,22715540324.3032,14086131.0,4321340.0,1
613,2006,Ecuador,Germany,0.0,3.0,38.0,17.0,45690762000.0,3046308753670.58,14086131.0,82376451.0,-1
614,2006,Costa Rica,Poland,1.0,2.0,21.0,22.0,22715540324.3032,345897630736.173,4321340.0,38141267.0,-1
615,2006,England,Paraguay,1.0,0.0,9.0,30.0,2719558417663.29,13429430050.261,60846820.0,5505148.0,1
616,2006,Trinidad and Tobago,Sweden,0.0,0.0,50.0,14.0,18369361094.3886,422528394459.353,1297944.0,9080505.0,0
617,2006,England,Trinidad and Tobago,2.0,0.0,9.0,50.0,2719558417663.29,18369361094.3886,60846820.0,1297944.0,1
618,2006,Sweden,Paraguay,1.0,0.0,14.0,30.0,422528394459.353,13429430050.261,9080505.0,5505148.0,1
619,2006,Sweden,England,2.0,2.0,14.0,9.0,422528394459.353,2719558417663.29,9080505.0,60846820.0,0
620,2006,Paraguay,Trinidad and Tobago,2.0,0.0,30.0,50.0,13429430050.261,18369361094.3886,5505148.0,1297944.0,1
621,2006,Argentina,Ivory Coast,2.0,1.0,4.0,42.0,232557260817.308,,39622115.0,,1
622,2006,Serbia and Montenegro,Netherlands,0.0,1.0,47.0,3.0,,737593995289.411,,16346101.0,-1
623,2006,Argentina,Serbia and Montenegro,6.0,0.0,4.0,47.0,232557260817.308,,39622115.0,,1
624,2006,Netherlands,Ivory Coast,2.0,1.0,3.0,42.0,737593995289.411,,16346101.0,,1
625,2006,Netherlands,Argentina,0.0,0.0,3.0,4.0,737593995289.411,232557260817.308,16346101.0,39622115.0,0
626,2006,Ivory Coast,Serbia and Montenegro,3.0,2.0,42.0,47.0,,,,,1
627,2006,Mexico,Iran,3.0,1.0,7.0,19.0,1020265057882.01,265602187403.643,107253666.0,73392747.0,1
628,2006,Angola,Portugal,0.0,1.0,63.0,10.0,58653659979.711,208756449275.848,20015279.0,10522288.0,-1
629,2006,Mexico,Angola,0.0,0.0,7.0,63.0,1020265057882.01,58653659979.711,107253666.0,20015279.0,0
630,2006,Portugal,Iran,2.0,0.0,10.0,19.0,208756449275.848,265602187403.643,10522288.0,73392747.0,1
631,2006,Portugal,Mexico,2.0,1.0,10.0,7.0,208756449275.848,1020265057882.01,10522288.0,107253666.0,1
632,2006,Iran,Angola,1.0,1.0,19.0,63.0,265602187403.643,58653659979.711,73392747.0,20015279.0,0
633,2006,United States,Czech Republic,0.0,3.0,7.0,2.0,13815586948000.0,,298379912.0,,-1
634,2006,Italy,Ghana,2.0,0.0,12.0,50.0,1958563654385.64,20885037596.6963,58399861.0,23040702.0,1
635,2006,Czech Republic,Ghana,0.0,2.0,2.0,50.0,,20885037596.6963,,23040702.0,-1
636,2006,Italy,United States,1.0,1.0,12.0,7.0,1958563654385.64,13815586948000.0,58399861.0,298379912.0,0
637,2006,Czech Republic,Italy,0.0,2.0,2.0,12.0,,1958563654385.64,,58399861.0,-1
638,2006,Ghana,United States,2.0,1.0,50.0,7.0,20885037596.6963,13815586948000.0,23040702.0,298379912.0,1
639,2006,Australia,Japan,3.0,1.0,48.0,15.0,749708370332.989,4601663122649.92,20450966.0,127854000.0,1
640,2006,Brazil,Croatia,1.0,0.0,1.0,20.0,1107626711163.23,49583544860.0759,186653106.0,4311159.0,1
641,2006,Japan,Croatia,0.0,0.0,15.0,20.0,4601663122649.92,49583544860.0759,127854000.0,4311159.0,0
642,2006,Brazil,Australia,2.0,0.0,1.0,48.0,1107626711163.23,749708370332.989,186653106.0,20450966.0,1
643,2006,Japan,Brazil,1.0,4.0,15.0,1.0,4601663122649.92,1107626711163.23,127854000.0,186653106.0,-1
644,2006,Croatia,Australia,2.0,2.0,20.0,48.0,49583544860.0759,749708370332.989,4311159.0,20450966.0,0
645,2006,South Korea,Togo,2.0,1.0,29.0,56.0,1095175538508.19,3320907721.74508,48438292.0,6010668.0,1
646,2006,France,Switzerland,0.0,0.0,5.0,36.0,2317861544690.82,441634672196.523,63622342.0,7483934.0,0
647,2006,France,South Korea,1.0,1.0,5.0,29.0,2317861544690.82,1095175538508.19,63622342.0,48438292.0,0
648,2006,Togo,Switzerland,0.0,2.0,56.0,36.0,3320907721.74508,441634672196.523,6010668.0,7483934.0,-1
649,2006,Togo,France,0.0,2.0,56.0,5.0,3320907721.74508,2317861544690.82,6010668.0,63622342.0,-1
650,2006,Switzerland,South Korea,2.0,0.0,36.0,29.0,441634672196.523,1095175538508.19,7483934.0,48438292.0,1
651,2006,Spain,Ukraine,4.0,0.0,5.0,40.0,1261846683275.29,111884752475.248,44397319.0,47278694.0,1
652,2006,Tunisia,Saudi Arabia,2.0,2.0,28.0,33.0,34376664600.5898,376900133511.348,10346410.0,21459144.0,0
653,2006,Saudi Arabia,Ukraine,0.0,4.0,33.0,40.0,376900133511.348,111884752475.248,21459144.0,47278694.0,-1
654,2006,Spain,Tunisia,3.0,1.0,5.0,28.0,1261846683275.29,34376664600.5898,44397319.0,10346410.0,1
655,2006,Saudi Arabia,Spain,0.0,1.0,33.0,5.0,376900133511.348,1261846683275.29,21459144.0,44397319.0,-1
656,2006,Ukraine,Tunisia,1.0,0.0,40.0,28.0,111884752475.248,34376664600.5898,47278694.0,10346410.0,1
657,2006,Germany,Sweden,2.0,0.0,17.0,14.0,3046308753670.58,422528394459.353,82376451.0,9080505.0,1
658,2006,Argentina,Mexico,2.0,1.0,4.0,7.0,232557260817.308,1020265057882.01,39622115.0,107253666.0,1
659,2006,England,Ecuador,1.0,0.0,9.0,38.0,2719558417663.29,45690762000.0,60846820.0,14086131.0,1
660,2006,Portugal,Netherlands,1.0,0.0,10.0,3.0,208756449275.848,737593995289.411,10522288.0,16346101.0,1
661,2006,Italy,Australia,1.0,0.0,12.0,48.0,1958563654385.64,749708370332.989,58399861.0,20450966.0,1
662,2006,Switzerland,Ukraine,0.0,0.0,36.0,40.0,441634672196.523,111884752475.248,7483934.0,47278694.0,0
663,2006,Brazil,Ghana,3.0,0.0,1.0,50.0,1107626711163.23,20885037596.6963,186653106.0,23040702.0,1
664,2006,Spain,France,1.0,3.0,5.0,5.0,1261846683275.29,2317861544690.82,44397319.0,63622342.0,-1
665,2006,Germany,Argentina,1.0,1.0,17.0,4.0,3046308753670.58,232557260817.308,82376451.0,39622115.0,0
666,2006,Italy,Ukraine,3.0,0.0,12.0,40.0,1958563654385.64,111884752475.248,58399861.0,47278694.0,1
667,2006,England,Portugal,0.0,0.0,9.0,10.0,2719558417663.29,208756449275.848,60846820.0,10522288.0,0
668,2006,Brazil,France,0.0,1.0,1.0,5.0,1107626711163.23,2317861544690.82,186653106.0,63622342.0,-1
669,2006,Germany,Italy,0.0,2.0,17.0,12.0,3046308753670.58,1958563654385.64,82376451.0,58399861.0,-1
670,2006,Portugal,France,0.0,1.0,10.0,5.0,208756449275.848,2317861544690.82,10522288.0,63622342.0,-1
671,2006,Germany,Portugal,3.0,1.0,17.0,10.0,3046308753670.58,208756449275.848,82376451.0,10522288.0,1
672,2006,Italy,France,1.0,1.0,12.0,5.0,1958563654385.64,2317861544690.82,58399861.0,63622342.0,0
673,2010,South Africa,Mexico,1.0,1.0,81.0,17.0,417363822801.713,1105424238731.09,52344051.0,113623895.0,0
674,2010,Uruguay,France,0.0,0.0,21.0,7.0,41950361211.9581,2646230027988.34,3318580.0,65026211.0,0
675,2010,South Africa,Uruguay,0.0,3.0,81.0,21.0,417363822801.713,41950361211.9581,52344051.0,3318580.0,-1
676,2010,France,Mexico,0.0,2.0,7.0,17.0,2646230027988.34,1105424238731.09,65026211.0,113623895.0,-1
677,2010,Mexico,Uruguay,0.0,1.0,17.0,21.0,1105424238731.09,41950361211.9581,113623895.0,3318580.0,-1
678,2010,France,South Africa,1.0,2.0,7.0,81.0,2646230027988.34,417363822801.713,65026211.0,52344051.0,-1
679,2010,South Korea,Greece,2.0,0.0,49.0,12.0,1192830015737.68,296417644404.034,49554112.0,11121341.0,1
680,2010,Argentina,Nigeria,1.0,0.0,8.0,15.0,423627422092.49,366990417129.04,41288694.0,166642886.0,1
681,2010,Argentina,South Korea,4.0,1.0,8.0,49.0,423627422092.49,1192830015737.68,41288694.0,49554112.0,1
682,2010,Greece,Nigeria,2.0,1.0,12.0,15.0,296417644404.034,366990417129.04,11121341.0,166642886.0,1
683,2010,Nigeria,South Korea,2.0,2.0,15.0,49.0,366990417129.04,1192830015737.68,166642886.0,49554112.0,0
684,2010,Greece,Argentina,0.0,2.0,12.0,8.0,296417644404.034,423627422092.49,11121341.0,41288694.0,-1
685,2010,England,United States,1.0,1.0,9.0,14.0,2496740681057.14,15048964444000.0,62766365.0,309378227.0,0
686,2010,Algeria,Slovenia,0.0,1.0,31.0,33.0,177785053939.531,47793117240.9001,36188236.0,2048583.0,-1
687,2010,Slovenia,United States,2.0,2.0,33.0,14.0,47793117240.9001,15048964444000.0,2048583.0,309378227.0,0
688,2010,England,Algeria,0.0,0.0,9.0,31.0,2496740681057.14,177785053939.531,62766365.0,36188236.0,0
689,2010,Slovenia,England,0.0,1.0,33.0,9.0,47793117240.9001,2496740681057.14,2048583.0,62766365.0,-1
690,2010,United States,Algeria,1.0,0.0,14.0,31.0,15048964444000.0,177785053939.531,309378227.0,36188236.0,1
691,2010,Serbia,Ghana,0.0,1.0,19.0,27.0,43536629233.1424,32197655566.5347,7291436.0,25474995.0,-1
692,2010,Germany,Australia,4.0,0.0,6.0,23.0,3467093769666.67,1152566632022.13,81776930.0,22031750.0,1
693,2010,Germany,Serbia,0.0,1.0,6.0,19.0,3467093769666.67,43536629233.1424,81776930.0,7291436.0,-1
694,2010,Ghana,Australia,1.0,1.0,27.0,23.0,32197655566.5347,1152566632022.13,25474995.0,22031750.0,0
695,2010,Ghana,Germany,0.0,1.0,27.0,6.0,32197655566.5347,3467093769666.67,25474995.0,81776930.0,-1
696,2010,Australia,Serbia,2.0,1.0,23.0,19.0,1152566632022.13,43536629233.1424,22031750.0,7291436.0,1
697,2010,Netherlands,Denmark,2.0,0.0,3.0,26.0,852464982433.335,322345594075.47,16615394.0,5547683.0,1
698,2010,Japan,Cameroon,1.0,0.0,40.0,20.0,5759071769013.11,27507501821.0296,128070000.0,19668066.0,1
699,2010,Netherlands,Japan,1.0,0.0,3.0,40.0,852464982433.335,5759071769013.11,16615394.0,128070000.0,1
700,2010,Cameroon,Denmark,1.0,2.0,20.0,26.0,27507501821.0296,322345594075.47,19668066.0,5547683.0,-1
701,2010,Denmark,Japan,1.0,3.0,26.0,40.0,322345594075.47,5759071769013.11,5547683.0,128070000.0,-1
702,2010,Cameroon,Netherlands,1.0,2.0,20.0,3.0,27507501821.0296,852464982433.335,19668066.0,16615394.0,-1
703,2010,Italy,Paraguay,1.0,1.0,4.0,29.0,2144936254535.0,27260886405.2341,59819407.0,5737971.0,0
704,2010,New Zealand,Slovakia,1.0,1.0,79.0,36.0,146887902524.052,,4350700.0,,0
705,2010,Slovakia,Paraguay,0.0,2.0,36.0,29.0,,27260886405.2341,,5737971.0,-1
706,2010,Italy,New Zealand,1.0,1.0,4.0,79.0,2144936254535.0,146887902524.052,59819407.0,4350700.0,0
707,2010,Slovakia,Italy,3.0,2.0,36.0,4.0,,2144936254535.0,,59819407.0,1
708,2010,Paraguay,New Zealand,0.0,0.0,29.0,79.0,27260886405.2341,146887902524.052,5737971.0,4350700.0,0
709,2010,Ivory Coast,Portugal,0.0,0.0,22.0,5.0,,238443864993.217,,10573100.0,0
710,2010,Brazil,North Korea,2.0,1.0,2.0,85.0,2208838108484.35,,193701929.0,,1
711,2010,Brazil,Ivory Coast,3.0,1.0,2.0,22.0,2208838108484.35,,193701929.0,,1
712,2010,Portugal,North Korea,7.0,0.0,5.0,85.0,238443864993.217,,10573100.0,,1
713,2010,Portugal,Brazil,0.0,0.0,5.0,2.0,238443864993.217,2208838108484.35,10573100.0,193701929.0,0
714,2010,North Korea,Ivory Coast,0.0,3.0,85.0,22.0,,,,,-1
715,2010,Honduras,Chile,0.0,1.0,34.0,16.0,15839344591.9842,217051209238.534,8365878.0,17181464.0,-1
716,2010,Spain,Switzerland,0.0,1.0,1.0,18.0,1427989078916.67,598851028906.58,46576897.0,7824909.0,-1
717,2010,Chile,Switzerland,1.0,0.0,16.0,18.0,217051209238.534,598851028906.58,17181464.0,7824909.0,1
718,2010,Spain,Honduras,2.0,0.0,1.0,34.0,1427989078916.67,15839344591.9842,46576897.0,8365878.0,1
719,2010,Chile,Spain,1.0,2.0,16.0,1.0,217051209238.534,1427989078916.67,17181464.0,46576897.0,-1
720,2010,Switzerland,Honduras,0.0,0.0,18.0,34.0,598851028906.58,15839344591.9842,7824909.0,8365878.0,0
721,2010,Uruguay,South Korea,2.0,1.0,21.0,49.0,41950361211.9581,1192830015737.68,3318580.0,49554112.0,1
722,2010,United States,Ghana,1.0,2.0,14.0,27.0,15048964444000.0,32197655566.5347,309378227.0,25474995.0,-1
723,2010,Germany,England,4.0,1.0,6.0,9.0,3467093769666.67,2496740681057.14,81776930.0,62766365.0,1
724,2010,Argentina,Mexico,3.0,1.0,8.0,17.0,423627422092.49,1105424238731.09,41288694.0,113623895.0,1
725,2010,Netherlands,Slovakia,2.0,1.0,3.0,36.0,852464982433.335,,16615394.0,,1
726,2010,Brazil,Chile,3.0,0.0,2.0,16.0,2208838108484.35,217051209238.534,193701929.0,17181464.0,1
727,2010,Paraguay,Japan,0.0,0.0,29.0,40.0,27260886405.2341,5759071769013.11,5737971.0,128070000.0,0
728,2010,Spain,Portugal,1.0,0.0,1.0,5.0,1427989078916.67,238443864993.217,46576897.0,10573100.0,1
729,2010,Netherlands,Brazil,2.0,1.0,3.0,2.0,852464982433.335,2208838108484.35,16615394.0,193701929.0,1
730,2010,Uruguay,Ghana,1.0,1.0,21.0,27.0,41950361211.9581,32197655566.5347,3318580.0,25474995.0,0
731,2010,Argentina,Germany,0.0,4.0,8.0,6.0,423627422092.49,3467093769666.67,41288694.0,81776930.0,-1
732,2010,Paraguay,Spain,0.0,1.0,29.0,1.0,27260886405.2341,1427989078916.67,5737971.0,46576897.0,-1
733,2010,Uruguay,Netherlands,2.0,3.0,21.0,3.0,41950361211.9581,852464982433.335,3318580.0,16615394.0,-1
734,2010,Germany,Spain,0.0,1.0,6.0,1.0,3467093769666.67,1427989078916.67,81776930.0,46576897.0,-1
735,2010,Uruguay,Germany,2.0,3.0,21.0,6.0,41950361211.9581,3467093769666.67,3318580.0,81776930.0,-1
736,2010,Netherlands,Spain,0.0,1.0,3.0,1.0,852464982433.335,1427989078916.67,16615394.0,46576897.0,-1
737,2014,Brazil,Croatia,3.0,1.0,10.0,16.0,2456043766032.38,59606934500.9957,200085127.0,4201598.0,1
738,2014,Mexico,Cameroon,1.0,0.0,21.0,50.0,1364507717614.13,36386544706.0806,119784261.0,22059893.0,1
739,2014,Brazil,Mexico,0.0,0.0,10.0,21.0,2456043766032.38,1364507717614.13,200085127.0,119784261.0,0
740,2014,Cameroon,Croatia,0.0,4.0,50.0,16.0,36386544706.0806,59606934500.9957,22059893.0,4201598.0,-1
741,2014,Cameroon,Brazil,1.0,4.0,50.0,10.0,36386544706.0806,2456043766032.38,22059893.0,200085127.0,-1
742,2014,Croatia,Mexico,1.0,3.0,16.0,21.0,59606934500.9957,1364507717614.13,4201598.0,119784261.0,-1
743,2014,Spain,Netherlands,1.0,5.0,1.0,9.0,1380244561361.96,901556501756.467,46460733.0,16865008.0,-1
744,2014,Chile,Australia,3.0,1.0,15.0,56.0,259560978224.359,1474677007565.64,17864195.0,23475686.0,1
745,2014,Australia,Netherlands,2.0,3.0,56.0,9.0,1474677007565.64,901556501756.467,23475686.0,16865008.0,-1
746,2014,Spain,Chile,0.0,2.0,1.0,15.0,1380244561361.96,259560978224.359,46460733.0,17864195.0,-1
747,2014,Australia,Spain,0.0,3.0,56.0,1.0,1474677007565.64,1380244561361.96,23475686.0,46460733.0,-1
748,2014,Netherlands,Chile,2.0,0.0,9.0,15.0,901556501756.467,259560978224.359,16865008.0,17864195.0,1
749,2014,Colombia,Greece,3.0,0.0,4.0,12.0,381240864422.407,233911581521.062,46565429.0,10892413.0,1
750,2014,Ivory Coast,Japan,2.0,1.0,17.0,48.0,,4896994405353.29,,127276000.0,1
751,2014,Colombia,Ivory Coast,2.0,1.0,4.0,17.0,381240864422.407,,46565429.0,,1
752,2014,Japan,Greece,0.0,0.0,48.0,12.0,4896994405353.29,233911581521.062,127276000.0,10892413.0,0
753,2014,Japan,Colombia,1.0,4.0,48.0,4.0,4896994405353.29,381240864422.407,127276000.0,46565429.0,-1
754,2014,Greece,Ivory Coast,2.0,1.0,12.0,17.0,233911581521.062,,10892413.0,,1
755,2014,Uruguay,Costa Rica,1.0,3.0,6.0,32.0,61496186973.902,52016408854.2658,3356334.0,4767119.0,-1
756,2014,England,Italy,1.0,2.0,13.0,7.0,3085362169410.29,2173255507985.84,64620000.0,60320707.0,-1
757,2014,Uruguay,England,2.0,1.0,6.0,13.0,61496186973.902,3085362169410.29,3356334.0,64620000.0,1
758,2014,Italy,Costa Rica,0.0,1.0,7.0,32.0,2173255507985.84,52016408854.2658,60320707.0,4767119.0,-1
759,2014,Italy,Uruguay,0.0,1.0,7.0,6.0,2173255507985.84,61496186973.902,60320707.0,3356334.0,-1
760,2014,Costa Rica,England,0.0,0.0,32.0,13.0,52016408854.2658,3085362169410.29,4767119.0,64620000.0,0
761,2014,Switzerland,Ecuador,2.0,1.0,8.0,23.0,726537808338.0,102717794000.0,8188649.0,16035124.0,1
762,2014,France,Honduras,3.0,0.0,20.0,43.0,2861236112552.42,19756533971.8698,66312067.0,9063122.0,1
763,2014,Switzerland,France,2.0,5.0,8.0,20.0,726537808338.0,2861236112552.42,8188649.0,66312067.0,-1
764,2014,Honduras,Ecuador,1.0,2.0,43.0,23.0,19756533971.8698,102717794000.0,9063122.0,16035124.0,-1
765,2014,Honduras,Switzerland,0.0,3.0,43.0,8.0,19756533971.8698,726537808338.0,9063122.0,8188649.0,-1
766,2014,Ecuador,France,0.0,0.0,23.0,20.0,102717794000.0,2861236112552.42,16035124.0,66312067.0,0
767,2014,Argentina,Bosnia and Herzegovina,2.0,1.0,3.0,19.0,526319673731.638,18558734107.1478,43024071.0,3564829.0,1
768,2014,Iran,Nigeria,0.0,0.0,34.0,41.0,462284793280.825,574183763411.508,81502045.0,185896915.0,0
769,2014,Argentina,Iran,1.0,0.0,3.0,34.0,526319673731.638,462284793280.825,43024071.0,81502045.0,1
770,2014,Nigeria,Bosnia and Herzegovina,1.0,0.0,41.0,19.0,574183763411.508,18558734107.1478,185896915.0,3564829.0,1
771,2014,Nigeria,Argentina,2.0,3.0,41.0,3.0,574183763411.508,526319673731.638,185896915.0,43024071.0,-1
772,2014,Bosnia and Herzegovina,Iran,3.0,1.0,19.0,34.0,18558734107.1478,462284793280.825,3564829.0,81502045.0,1
773,2014,Germany,Portugal,4.0,0.0,2.0,5.0,3964870735760.77,230078616299.675,80982500.0,10401062.0,1
774,2014,Ghana,United States,1.0,2.0,24.0,14.0,54678533805.9064,17550680174000.0,28041592.0,319257560.0,-1
775,2014,Germany,Ghana,2.0,2.0,2.0,24.0,3964870735760.77,54678533805.9064,80982500.0,28041592.0,0
776,2014,United States,Portugal,2.0,2.0,14.0,5.0,17550680174000.0,230078616299.675,319257560.0,10401062.0,0
777,2014,United States,Germany,0.0,1.0,14.0,2.0,17550680174000.0,3964870735760.77,319257560.0,80982500.0,-1
778,2014,Portugal,Ghana,2.0,1.0,5.0,24.0,230078616299.675,54678533805.9064,10401062.0,28041592.0,1
779,2014,Belgium,Algeria,2.0,1.0,11.0,27.0,537987419164.351,238942664192.59,11209057.0,39205031.0,1
780,2014,Russia,South Korea,1.0,1.0,22.0,53.0,,1556252422020.44,,50746659.0,0
781,2014,Belgium,Russia,1.0,0.0,11.0,22.0,537987419164.351,,11209057.0,,1
782,2014,South Korea,Algeria,2.0,4.0,53.0,27.0,1556252422020.44,238942664192.59,50746659.0,39205031.0,-1
783,2014,South Korea,Belgium,0.0,1.0,53.0,11.0,1556252422020.44,537987419164.351,50746659.0,11209057.0,-1
784,2014,Algeria,Russia,1.0,1.0,27.0,22.0,238942664192.59,,39205031.0,,0
785,2014,Brazil,Chile,1.0,1.0,10.0,15.0,2456043766032.38,259560978224.359,200085127.0,17864195.0,0
786,2014,Colombia,Uruguay,2.0,0.0,4.0,6.0,381240864422.407,61496186973.902,46565429.0,3356334.0,1
787,2014,Netherlands,Mexico,2.0,1.0,9.0,21.0,901556501756.467,1364507717614.13,16865008.0,119784261.0,1
788,2014,Costa Rica,Greece,1.0,1.0,32.0,12.0,52016408854.2658,233911581521.062,4767119.0,10892413.0,0
789,2014,France,Nigeria,2.0,0.0,20.0,41.0,2861236112552.42,574183763411.508,66312067.0,185896915.0,1
790,2014,Germany,Algeria,2.0,1.0,2.0,27.0,3964870735760.77,238942664192.59,80982500.0,39205031.0,1
791,2014,Argentina,Switzerland,1.0,0.0,3.0,8.0,526319673731.638,726537808338.0,43024071.0,8188649.0,1
792,2014,Belgium,United States,2.0,1.0,11.0,14.0,537987419164.351,17550680174000.0,11209057.0,319257560.0,1
793,2014,France,Germany,0.0,1.0,20.0,2.0,2861236112552.42,3964870735760.77,66312067.0,80982500.0,-1
794,2014,Brazil,Colombia,2.0,1.0,10.0,4.0,2456043766032.38,381240864422.407,200085127.0,46565429.0,1
795,2014,Argentina,Belgium,1.0,0.0,3.0,11.0,526319673731.638,537987419164.351,43024071.0,11209057.0,1
796,2014,Netherlands,Costa Rica,0.0,0.0,9.0,32.0,901556501756.467,52016408854.2658,16865008.0,4767119.0,0
797,2014,Brazil,Germany,1.0,7.0,10.0,2.0,2456043766032.38,3964870735760.77,200085127.0,80982500.0,-1
798,2014,Netherlands,Argentina,0.0,0.0,9.0,3.0,901556501756.467,526319673731.638,16865008.0,43024071.0,0
799,2014,Brazil,Netherlands,0.0,3.0,10.0,9.0,2456043766032.38,901556501756.467,200085127.0,16865008.0,-1
800,2014,Germany,Argentina,1.0,0.0,2.0,3.0,3964870735760.77,526319673731.638,80982500.0,43024071.0,1
801,2018,Russia,Saudi Arabia,5.0,0.0,62.0,65.0,,886564800000.0,,30196281.0,1
802,2018,Egypt,Uruguay,0.0,1.0,30.0,22.0,,65344577415.7535,,3394534.0,-1
803,2018,Russia,Egypt,3.0,1.0,62.0,30.0,,,,,1
804,2018,Uruguay,Saudi Arabia,1.0,0.0,22.0,65.0,65344577415.7535,886564800000.0,3394534.0,30196281.0,1
805,2018,Uruguay,Russia,3.0,0.0,22.0,62.0,65344577415.7535,,3394534.0,,1
806,2018,Saudi Arabia,Egypt,2.0,1.0,65.0,30.0,886564800000.0,,30196281.0,,1
807,2018,Morocco,Iran,0.0,1.0,39.0,34.0,127341147581.818,411903303606.044,35839760.0,86117998.0,-1
808,2018,Portugal,Spain,3.0,3.0,3.0,6.0,242092894542.888,1431642809327.06,10283822.0,46782011.0,0
809,2018,Portugal,Morocco,1.0,0.0,3.0,39.0,242092894542.888,127341147581.818,10283822.0,35839760.0,1
810,2018,Iran,Spain,0.0,1.0,34.0,6.0,411903303606.044,1431642809327.06,86117998.0,46782011.0,-1
811,2018,Iran,Portugal,1.0,1.0,34.0,3.0,411903303606.044,242092894542.888,86117998.0,10283822.0,0
812,2018,Spain,Morocco,2.0,2.0,6.0,39.0,1431642809327.06,127341147581.818,46782011.0,35839760.0,0
813,2018,France,Australia,2.0,1.0,9.0,36.0,2781576320884.39,1433144978761.67,67158348.0,24963258.0,1
814,2018,Peru,Denmark,0.0,1.0,11.0,12.0,222597009739.235,355293374912.393,31897584.0,5793636.0,-1
815,2018,Denmark,Australia,1.0,1.0,12.0,36.0,355293374912.393,1433144978761.67,5793636.0,24963258.0,0
816,2018,France,Peru,1.0,0.0,9.0,11.0,2781576320884.39,222597009739.235,67158348.0,31897584.0,1
817,2018,Denmark,France,0.0,0.0,12.0,9.0,355293374912.393,2781576320884.39,5793636.0,67158348.0,0
818,2018,Australia,Peru,0.0,2.0,36.0,11.0,1433144978761.67,222597009739.235,24963258.0,31897584.0,-1
819,2018,Argentina,Iceland,1.0,1.0,4.0,20.0,524819892360.176,26677652544.3499,44654882.0,352721.0,0
820,2018,Croatia,Nigeria,2.0,0.0,15.0,51.0,61667925219.0755,421739251509.08,3988775.0,204938755.0,1
821,2018,Argentina,Croatia,0.0,3.0,4.0,15.0,524819892360.176,61667925219.0755,44654882.0,3988775.0,-1
822,2018,Nigeria,Iceland,2.0,0.0,51.0,20.0,421739251509.08,26677652544.3499,204938755.0,352721.0,1
823,2018,Nigeria,Argentina,1.0,2.0,51.0,4.0,421739251509.08,524819892360.176,204938755.0,44654882.0,-1
824,2018,Iceland,Croatia,1.0,2.0,20.0,15.0,26677652544.3499,61667925219.0755,352721.0,3988775.0,-1
825,2018,Costa Rica,Serbia,0.0,1.0,27.0,37.0,62420164991.5374,52787520248.9242,4957818.0,6982604.0,-1
826,2018,Brazil,Switzerland,1.0,1.0,2.0,8.0,1916933708352.71,725568717468.001,206107261.0,8514329.0,0
827,2018,Brazil,Costa Rica,2.0,0.0,2.0,27.0,1916933708352.71,62420164991.5374,206107261.0,4957818.0,1
828,2018,Serbia,Switzerland,1.0,2.0,37.0,8.0,52787520248.9242,725568717468.001,6982604.0,8514329.0,-1
829,2018,Serbia,Brazil,0.0,2.0,37.0,2.0,52787520248.9242,1916933708352.71,6982604.0,206107261.0,-1
830,2018,Switzerland,Costa Rica,2.0,2.0,8.0,27.0,725568717468.001,62420164991.5374,8514329.0,4957818.0,0
831,2018,Germany,Mexico,0.0,1.0,1.0,17.0,4055433215301.96,1256300182879.73,82905782.0,124573711.0,-1
832,2018,Sweden,South Korea,1.0,0.0,18.0,59.0,549649344043.182,1824251454306.83,10175214.0,51585058.0,1
833,2018,South Korea,Mexico,1.0,2.0,59.0,17.0,1824251454306.83,1256300182879.73,51585058.0,124573711.0,-1
834,2018,Germany,Sweden,2.0,1.0,1.0,18.0,4055433215301.96,549649344043.182,82905782.0,10175214.0,1
835,2018,South Korea,Germany,2.0,0.0,59.0,1.0,1824251454306.83,4055433215301.96,51585058.0,82905782.0,1
836,2018,Mexico,Sweden,0.0,3.0,17.0,18.0,1256300182879.73,549649344043.182,124573711.0,10175214.0,-1
837,2018,Belgium,Panama,3.0,0.0,5.0,53.0,542638913427.921,67316471181.2488,11427054.0,4167860.0,1
838,2018,Tunisia,England,1.0,2.0,23.0,16.0,42686504459.801,2897028009916.05,11765514.0,66289000.0,-1
839,2018,Belgium,Tunisia,5.0,2.0,5.0,23.0,542638913427.921,42686504459.801,11427054.0,11765514.0,1
840,2018,England,Panama,6.0,1.0,16.0,53.0,2897028009916.05,67316471181.2488,66289000.0,4167860.0,1
841,2018,England,Belgium,0.0,1.0,16.0,5.0,2897028009916.05,542638913427.921,66289000.0,11427054.0,-1
842,2018,Panama,Tunisia,1.0,2.0,53.0,23.0,67316471181.2488,42686504459.801,4167860.0,11765514.0,-1
843,2018,Colombia,Japan,1.0,2.0,13.0,56.0,334198218098.276,5040880939324.86,49024465.0,126811000.0,-1
844,2018,Poland,Senegal,1.0,2.0,7.0,24.0,594616687350.017,23116701556.1381,37974750.0,15914498.0,-1
845,2018,Japan,Senegal,2.0,2.0,56.0,24.0,5040880939324.86,23116701556.1381,126811000.0,15914498.0,0
846,2018,Poland,Colombia,0.0,3.0,7.0,13.0,594616687350.017,334198218098.276,37974750.0,49024465.0,-1
847,2018,Japan,Poland,0.0,1.0,56.0,7.0,5040880939324.86,594616687350.017,126811000.0,37974750.0,-1
848,2018,Senegal,Colombia,0.0,1.0,24.0,13.0,23116701556.1381,334198218098.276,15914498.0,49024465.0,-1
849,2018,France,Argentina,4.0,3.0,9.0,4.0,2781576320884.39,524819892360.176,67158348.0,44654882.0,1
850,2018,Uruguay,Portugal,2.0,1.0,22.0,3.0,65344577415.7535,242092894542.888,3394534.0,10283822.0,1
851,2018,Spain,Russia,1.0,1.0,6.0,62.0,1431642809327.06,,46782011.0,,0
852,2018,Croatia,Denmark,1.0,1.0,15.0,12.0,61667925219.0755,355293374912.393,3988775.0,5793636.0,0
853,2018,Brazil,Mexico,2.0,0.0,2.0,17.0,1916933708352.71,1256300182879.73,206107261.0,124573711.0,1
854,2018,Belgium,Japan,3.0,2.0,5.0,56.0,542638913427.921,5040880939324.86,11427054.0,126811000.0,1
855,2018,Sweden,Switzerland,1.0,0.0,18.0,8.0,549649344043.182,725568717468.001,10175214.0,8514329.0,1
856,2018,Colombia,England,1.0,1.0,13.0,16.0,334198218098.276,2897028009916.05,49024465.0,66289000.0,0
857,2018,Uruguay,France,0.0,2.0,22.0,9.0,65344577415.7535,2781576320884.39,3394534.0,67158348.0,-1
858,2018,Brazil,Belgium,1.0,2.0,2.0,5.0,1916933708352.71,542638913427.921,206107261.0,11427054.0,-1
859,2018,Sweden,England,0.0,2.0,18.0,16.0,549649344043.182,2897028009916.05,10175214.0,66289000.0,-1
860,2018,Russia,Croatia,2.0,2.0,62.0,15.0,,61667925219.0755,,3988775.0,0
861,2018,France,Belgium,1.0,0.0,9.0,5.0,2781576320884.39,542638913427.921,67158348.0,11427054.0,1
862,2018,Croatia,England,2.0,1.0,15.0,16.0,61667925219.0755,2897028009916.05,3988775.0,66289000.0,1
863,2018,Belgium,England,2.0,0.0,5.0,16.0,542638913427.921,2897028009916.05,11427054.0,66289000.0,1
864,2018,France,Croatia,4.0,2.0,9.0,15.0,2781576320884.39,61667925219.0755,67158348.0,3988775.0,1
865,2022,Qatar,Ecuador,0.0,2.0,52.0,44.0,235709340659.341,116133121000.0,2657333.0,17823897.0,-1
866,2022,Senegal,Netherlands,0.0,2.0,18.0,10.0,27783332222.6759,1046540797548.64,17651103.0,17700982.0,-1
867,2022,Qatar,Senegal,1.0,3.0,52.0,18.0,235709340659.341,27783332222.6759,2657333.0,17651103.0,-1
868,2022,Netherlands,Ecuador,1.0,1.0,10.0,44.0,1046540797548.64,116133121000.0,17700982.0,17823897.0,0
869,2022,Ecuador,Senegal,1.0,2.0,44.0,18.0,116133121000.0,27783332222.6759,17823897.0,17651103.0,-1
870,2022,Netherlands,Qatar,2.0,0.0,10.0,52.0,1046540797548.64,235709340659.341,17700982.0,2657333.0,1
871,2022,England,Iran,6.0,2.0,5.0,21.0,3181244350465.41,422662261525.665,67604000.0,89524246.0,1
872,2022,United States,Wales,1.0,1.0,13.0,20.0,25604848907611.0,3181244350465.41,334017321.0,67604000.0,0
873,2022,Wales,Iran,0.0,2.0,20.0,21.0,3181244350465.41,422662261525.665,67604000.0,89524246.0,-1
874,2022,England,United States,0.0,0.0,5.0,13.0,3181244350465.41,25604848907611.0,67604000.0,334017321.0,0
875,2022,Wales,England,0.0,3.0,20.0,5.0,3181244350465.41,3181244350465.41,67604000.0,67604000.0,-1
876,2022,Iran,United States,0.0,1.0,21.0,13.0,422662261525.665,25604848907611.0,89524246.0,334017321.0,-1
877,2022,Argentina,Saudi Arabia,1.0,2.0,4.0,53.0,633993756301.08,1239075200000.0,45407904.0,32175224.0,-1
878,2022,Mexico,Poland,0.0,0.0,12.0,28.0,1466934724293.06,695607470875.276,128613117.0,36821749.0,0
879,2022,Poland,Saudi Arabia,2.0,0.0,28.0,53.0,695607470875.276,1239075200000.0,36821749.0,32175224.0,1
880,2022,Argentina,Mexico,2.0,0.0,4.0,12.0,633993756301.08,1466934724293.06,45407904.0,128613117.0,1
881,2022,Poland,Argentina,0.0,2.0,28.0,4.0,695607470875.276,633993756301.08,36821749.0,45407904.0,-1
882,2022,Saudi Arabia,Mexico,1.0,2.0,53.0,12.0,1239075200000.0,1466934724293.06,32175224.0,128613117.0,-1
883,2022,Denmark,Tunisia,0.0,0.0,9.0,36.0,400114306337.077,44929920092.7955,5903037.0,12119334.0,0
884,2022,France,Australia,4.0,1.0,3.0,37.0,2794788137066.94,1695627535475.8,68184457.0,26018721.0,1
885,2022,Tunisia,Australia,0.0,1.0,36.0,37.0,44929920092.7955,1695627535475.8,12119334.0,26018721.0,-1
886,2022,France,Denmark,2.0,1.0,3.0,9.0,2794788137066.94,400114306337.077,68184457.0,5903037.0,1
887,2022,Australia,Denmark,1.0,0.0,37.0,9.0,1695627535475.8,400114306337.077,26018721.0,5903037.0,1
888,2022,Tunisia,France,1.0,0.0,36.0,3.0,44929920092.7955,2794788137066.94,12119334.0,68184457.0,1
889,2022,Germany,Japan,1.0,2.0,11.0,23.0,4201021706478.62,4262463317796.53,83177813.0,125124989.0,-1
890,2022,Spain,Costa Rica,7.0,0.0,7.0,42.0,1448850658406.62,69243626028.5936,47786102.0,5081765.0,1
891,2022,Japan,Costa Rica,0.0,1.0,23.0,42.0,4262463317796.53,69243626028.5936,125124989.0,5081765.0,-1
892,2022,Spain,Germany,1.0,1.0,7.0,11.0,1448850658406.62,4201021706478.62,47786102.0,83177813.0,0
893,2022,Japan,Spain,2.0,1.0,23.0,7.0,4262463317796.53,1448850658406.62,125124989.0,47786102.0,1
894,2022,Costa Rica,Germany,2.0,4.0,42.0,11.0,69243626028.5936,4201021706478.62,5081765.0,83177813.0,-1
895,2022,Morocco,Croatia,0.0,0.0,24.0,15.0,131245312804.483,71196498671.1145,37329064.0,3855641.0,0
896,2022,Belgium,Canada,1.0,0.0,1.0,33.0,591085783326.267,2190411080134.32,11680210.0,38935934.0,1
897,2022,Belgium,Morocco,0.0,2.0,1.0,24.0,591085783326.267,131245312804.483,11680210.0,37329064.0,-1
898,2022,Croatia,Canada,4.0,1.0,15.0,33.0,71196498671.1145,2190411080134.32,3855641.0,38935934.0,1
899,2022,Croatia,Belgium,0.0,0.0,15.0,1.0,71196498671.1145,591085783326.267,3855641.0,11680210.0,0
900,2022,Canada,Morocco,1.0,2.0,33.0,24.0,2190411080134.32,131245312804.483,38935934.0,37329064.0,-1
901,2022,Switzerland,Cameroon,1.0,0.0,14.0,38.0,828508926958.393,44347206072.5513,8777088.0,27632771.0,1
902,2022,Brazil,Serbia,2.0,0.0,2.0,25.0,1951923832083.87,66809895701.2152,210306415.0,6664449.0,1
903,2022,Cameroon,Serbia,3.0,3.0,38.0,25.0,44347206072.5513,66809895701.2152,27632771.0,6664449.0,0
904,2022,Brazil,Switzerland,1.0,0.0,2.0,14.0,1951923832083.87,828508926958.393,210306415.0,8777088.0,1
905,2022,Serbia,Switzerland,2.0,3.0,25.0,14.0,66809895701.2152,828508926958.393,6664449.0,8777088.0,-1
906,2022,Cameroon,Brazil,1.0,0.0,38.0,2.0,44347206072.5513,1951923832083.87,27632771.0,210306415.0,1
907,2022,Uruguay,South Korea,0.0,0.0,16.0,29.0,70594110920.0358,1799363116866.52,3390913.0,51672569.0,0
908,2022,Portugal,Ghana,3.0,2.0,8.0,61.0,256898677175.024,73919003209.9866,10434332.0,33149152.0,1
909,2022,South Korea,Ghana,2.0,3.0,29.0,61.0,1799363116866.52,73919003209.9866,51672569.0,33149152.0,-1
910,2022,Portugal,Uruguay,2.0,0.0,8.0,16.0,256898677175.024,70594110920.0358,10434332.0,3390913.0,1
911,2022,Ghana,Uruguay,0.0,2.0,61.0,16.0,73919003209.9866,70594110920.0358,33149152.0,3390913.0,-1
912,2022,South Korea,Portugal,2.0,1.0,29.0,8.0,1799363116866.52,256898677175.024,51672569.0,10434332.0,1
913,2022,Netherlands,United States,3.0,1.0,10.0,13.0,1046540797548.64,25604848907611.0,17700982.0,334017321.0,1
914,2022,Argentina,Australia,2.0,1.0,4.0,37.0,633993756301.08,1695627535475.8,45407904.0,26018721.0,1
915,2022,France,Poland,3.0,1.0,3.0,28.0,2794788137066.94,695607470875.276,68184457.0,36821749.0,1
916,2022,England,Senegal,3.0,0.0,5.0,18.0,3181244350465.41,27783332222.6759,67604000.0,17651103.0,1
917,2022,Japan,Croatia,1.0,1.0,23.0,15.0,4262463317796.53,71196498671.1145,125124989.0,3855641.0,0
918,2022,Brazil,South Korea,4.0,1.0,2.0,29.0,1951923832083.87,1799363116866.52,210306415.0,51672569.0,1
919,2022,Morocco,Spain,0.0,0.0,24.0,7.0,131245312804.483,1448850658406.62,37329064.0,47786102.0,0
920,2022,Portugal,Switzerland,6.0,1.0,8.0,14.0,256898677175.024,828508926958.393,10434332.0,8777088.0,1
921,2022,Croatia,Brazil,1.0,1.0,15.0,2.0,71196498671.1145,1951923832083.87,3855641.0,210306415.0,0
922,2022,Netherlands,Argentina,2.0,2.0,10.0,4.0,1046540797548.64,633993756301.08,17700982.0,45407904.0,0
923,2022,Morocco,Portugal,1.0,0.0,24.0,8.0,131245312804.483,256898677175.024,37329064.0,10434332.0,1
924,2022,England,France,1.0,2.0,5.0,3.0,3181244350465.41,2794788137066.94,67604000.0,68184457.0,-1
925,2022,Argentina,Croatia,3.0,0.0,4.0,15.0,633993756301.08,71196498671.1145,45407904.0,3855641.0,1
926,2022,France,Morocco,2.0,0.0,3.0,24.0,2794788137066.94,131245312804.483,68184457.0,37329064.0,1
927,2022,Croatia,Morocco,2.0,1.0,15.0,24.0,71196498671.1145,131245312804.483,3855641.0,37329064.0,1
928,2022,Argentina,France,3.0,3.0,4.0,3.0,633993756301.08,2794788137066.94,45407904.0,68184457.0,0
