fixture_id,date,timestamp,venue,city,status,league_id,season,round,home_team,away_team,home_id,away_id,home_win,away_win,home_goals,away_goals,ht_home,ht_away,ft_home,ft_away,et_home,et_away,pen_home,pen_away,goal_diff,total_goals,result,is_draw,went_to_et,went_to_pen
855736,2022-11-20 16:00:00+00:00,1668960000,Al Bayt Stadium,Al Khor,FT,1,2022,Group Stage - 1,Qatar,Ecuador,1569,2382,0.0,1.0,0,2,0,2,0,2,,,,,-2,2,-1,0,0,0
855735,2022-11-21 13:00:00+00:00,1669035600,Khalifa International Stadium,Ar-Rayyan,FT,1,2022,Group Stage - 1,England,Iran,10,22,1.0,0.0,6,2,3,0,6,2,,,,,4,8,1,0,0,0
855734,2022-11-21 16:00:00+00:00,1669046400,Al Thumama Stadium,Doha,FT,1,2022,Group Stage - 1,Senegal,Netherlands,13,1118,0.0,1.0,0,2,0,0,0,2,,,,,-2,2,-1,0,0,0
866681,2022-11-21 19:00:00+00:00,1669057200,Ahmad bin Ali Stadium,Al-Rayyan,FT,1,2022,Group Stage - 1,USA,Wales,2384,767,,,1,1,1,0,1,1,,,,,0,2,0,1,0,0
855737,2022-11-22 10:00:00+00:00,1669111200,Lusail Iconic Stadium,Lusail,FT,1,2022,Group Stage - 1,Argentina,Saudi Arabia,26,23,0.0,1.0,1,2,1,0,1,2,,,,,-1,3,-1,0,0,0
855738,2022-11-22 13:00:00+00:00,1669122000,Education City Stadium,Ar-Rayyan,FT,1,2022,Group Stage - 1,Denmark,Tunisia,21,28,,,0,0,0,0,0,0,,,,,0,0,0,1,0,0
855739,2022-11-22 16:00:00+00:00,1669132800,Stadium 974,Doha,FT,1,2022,Group Stage - 1,Mexico,Poland,16,24,,,0,0,0,0,0,0,,,,,0,0,0,1,0,0
871850,2022-11-22 19:00:00+00:00,1669143600,Al Janoub Stadium,Al Wakrah,FT,1,2022,Group Stage - 1,France,Australia,2,20,1.0,0.0,4,1,2,1,4,1,,,,,3,5,1,0,0,0
855740,2022-11-23 10:00:00+00:00,1669197600,Al Bayt Stadium,Al Khor,FT,1,2022,Group Stage - 1,Morocco,Croatia,31,3,,,0,0,0,0,0,0,,,,,0,0,0,1,0,0
855741,2022-11-23 13:00:00+00:00,1669208400,Khalifa International Stadium,Ar-Rayyan,FT,1,2022,Group Stage - 1,Germany,Japan,25,12,0.0,1.0,1,2,1,0,1,2,,,,,-1,3,-1,0,0,0
871851,2022-11-23 16:00:00+00:00,1669219200,Al Thumama Stadium,Doha,FT,1,2022,Group Stage - 1,Spain,Costa Rica,9,29,1.0,0.0,7,0,3,0,7,0,,,,,7,7,1,0,0,0
855742,2022-11-23 19:00:00+00:00,1669230000,Ahmad bin Ali Stadium,Al-Rayyan,FT,1,2022,Group Stage - 1,Belgium,Canada,1,5529,1.0,0.0,1,0,1,0,1,0,,,,,1,1,1,0,0,0
855743,2022-11-24 10:00:00+00:00,1669284000,Al Janoub Stadium,Al Wakrah,FT,1,2022,Group Stage - 1,Switzerland,Cameroon,15,1530,1.0,0.0,1,0,0,0,1,0,,,,,1,1,1,0,0,0
855744,2022-11-24 13:00:00+00:00,1669294800,Education City Stadium,Ar-Rayyan,FT,1,2022,Group Stage - 1,Uruguay,South Korea,7,17,,,0,0,0,0,0,0,,,,,0,0,0,1,0,0
855745,2022-11-24 16:00:00+00:00,1669305600,Stadium 974,Doha,FT,1,2022,Group Stage - 1,Portugal,Ghana,27,1504,1.0,0.0,3,2,0,0,3,2,,,,,1,5,1,0,0,0
855746,2022-11-24 19:00:00+00:00,1669316400,Lusail Iconic Stadium,Lusail,FT,1,2022,Group Stage - 1,Brazil,Serbia,6,14,1.0,0.0,2,0,0,0,2,0,,,,,2,2,1,0,0,0
866682,2022-11-25 10:00:00+00:00,1669370400,Ahmad bin Ali Stadium,Al-Rayyan,FT,1,2022,Group Stage - 2,Wales,Iran,767,22,0.0,1.0,0,2,0,0,0,2,,,,,-2,2,-1,0,0,0
855747,2022-11-25 13:00:00+00:00,1669381200,Al Thumama Stadium,Doha,FT,1,2022,Group Stage - 2,Qatar,Senegal,1569,13,0.0,1.0,1,3,0,1,1,3,,,,,-2,4,-1,0,0,0
855748,2022-11-25 16:00:00+00:00,1669392000,Khalifa International Stadium,Ar-Rayyan,FT,1,2022,Group Stage - 2,Netherlands,Ecuador,1118,2382,,,1,1,1,0,1,1,,,,,0,2,0,1,0,0
855749,2022-11-25 19:00:00+00:00,1669402800,Al Bayt Stadium,Al Khor,FT,1,2022,Group Stage - 2,England,USA,10,2384,,,0,0,0,0,0,0,,,,,0,0,0,1,0,0
871852,2022-11-26 10:00:00+00:00,1669456800,Al Janoub Stadium,Al Wakrah,FT,1,2022,Group Stage - 2,Tunisia,Australia,28,20,0.0,1.0,0,1,0,1,0,1,,,,,-1,1,-1,0,0,0
855750,2022-11-26 13:00:00+00:00,1669467600,Education City Stadium,Ar-Rayyan,FT,1,2022,Group Stage - 2,Poland,Saudi Arabia,24,23,1.0,0.0,2,0,1,0,2,0,,,,,2,2,1,0,0,0
855751,2022-11-26 16:00:00+00:00,1669478400,Stadium 974,Doha,FT,1,2022,Group Stage - 2,France,Denmark,2,21,1.0,0.0,2,1,0,0,2,1,,,,,1,3,1,0,0,0
855752,2022-11-26 19:00:00+00:00,1669489200,Lusail Iconic Stadium,Lusail,FT,1,2022,Group Stage - 2,Argentina,Mexico,26,16,1.0,0.0,2,0,0,0,2,0,,,,,2,2,1,0,0,0
871853,2022-11-27 10:00:00+00:00,1669543200,Ahmad bin Ali Stadium,Al-Rayyan,FT,1,2022,Group Stage - 2,Japan,Costa Rica,12,29,0.0,1.0,0,1,0,0,0,1,,,,,-1,1,-1,0,0,0
855753,2022-11-27 13:00:00+00:00,1669554000,Al Thumama Stadium,Doha,FT,1,2022,Group Stage - 2,Belgium,Morocco,1,31,0.0,1.0,0,2,0,0,0,2,,,,,-2,2,-1,0,0,0
855754,2022-11-27 16:00:00+00:00,1669564800,Khalifa International Stadium,Ar-Rayyan,FT,1,2022,Group Stage - 2,Croatia,Canada,3,5529,1.0,0.0,4,1,2,1,4,1,,,,,3,5,1,0,0,0
855755,2022-11-27 19:00:00+00:00,1669575600,Al Bayt Stadium,Al Khor,FT,1,2022,Group Stage - 2,Spain,Germany,9,25,,,1,1,0,0,1,1,,,,,0,2,0,1,0,0
855756,2022-11-28 10:00:00+00:00,1669629600,Al Janoub Stadium,Al Wakrah,FT,1,2022,Group Stage - 2,Cameroon,Serbia,1530,14,,,3,3,1,2,3,3,,,,,0,6,0,1,0,0
855757,2022-11-28 13:00:00+00:00,1669640400,Education City Stadium,Ar-Rayyan,FT,1,2022,Group Stage - 2,South Korea,Ghana,17,1504,0.0,1.0,2,3,0,2,2,3,,,,,-1,5,-1,0,0,0
855758,2022-11-28 16:00:00+00:00,1669651200,Stadium 974,Doha,FT,1,2022,Group Stage - 2,Brazil,Switzerland,6,15,1.0,0.0,1,0,0,0,1,0,,,,,1,1,1,0,0,0
855759,2022-11-28 19:00:00+00:00,1669662000,Lusail Iconic Stadium,Lusail,FT,1,2022,Group Stage - 2,Portugal,Uruguay,27,7,1.0,0.0,2,0,0,0,2,0,,,,,2,2,1,0,0,0
855760,2022-11-29 15:00:00+00:00,1669734000,Al Bayt Stadium,Al Khor,FT,1,2022,Group Stage - 3,Netherlands,Qatar,1118,1569,1.0,0.0,2,0,1,0,2,0,,,,,2,2,1,0,0,0
855761,2022-11-29 15:00:00+00:00,1669734000,Khalifa International Stadium,Ar-Rayyan,FT,1,2022,Group Stage - 3,Ecuador,Senegal,2382,13,0.0,1.0,1,2,0,1,1,2,,,,,-1,3,-1,0,0,0
855762,2022-11-29 19:00:00+00:00,1669748400,Al Thumama Stadium,Doha,FT,1,2022,Group Stage - 3,Iran,USA,22,2384,0.0,1.0,0,1,0,1,0,1,,,,,-1,1,-1,0,0,0
866683,2022-11-29 19:00:00+00:00,1669748400,Ahmad bin Ali Stadium,Al-Rayyan,FT,1,2022,Group Stage - 3,Wales,England,767,10,0.0,1.0,0,3,0,0,0,3,,,,,-3,3,-1,0,0,0
871854,2022-11-30 15:00:00+00:00,1669820400,Al Janoub Stadium,Al Wakrah,FT,1,2022,Group Stage - 3,Australia,Denmark,20,21,1.0,0.0,1,0,0,0,1,0,,,,,1,1,1,0,0,0
855763,2022-11-30 15:00:00+00:00,1669820400,Education City Stadium,Ar-Rayyan,FT,1,2022,Group Stage - 3,Tunisia,France,28,2,1.0,0.0,1,0,0,0,1,0,,,,,1,1,1,0,0,0
855765,2022-11-30 19:00:00+00:00,1669834800,Lusail Iconic Stadium,Lusail,FT,1,2022,Group Stage - 3,Saudi Arabia,Mexico,23,16,0.0,1.0,1,2,0,0,1,2,,,,,-1,3,-1,0,0,0
855764,2022-11-30 19:00:00+00:00,1669834800,Stadium 974,Doha,FT,1,2022,Group Stage - 3,Poland,Argentina,24,26,0.0,1.0,0,2,0,0,0,2,,,,,-2,2,-1,0,0,0
855766,2022-12-01 15:00:00+00:00,1669906800,Ahmad bin Ali Stadium,Al-Rayyan,FT,1,2022,Group Stage - 3,Croatia,Belgium,3,1,,,0,0,0,0,0,0,,,,,0,0,0,1,0,0
855767,2022-12-01 15:00:00+00:00,1669906800,Al Thumama Stadium,Doha,FT,1,2022,Group Stage - 3,Canada,Morocco,5529,31,0.0,1.0,1,2,1,2,1,2,,,,,-1,3,-1,0,0,0
855768,2022-12-01 19:00:00+00:00,1669921200,Khalifa International Stadium,Ar-Rayyan,FT,1,2022,Group Stage - 3,Japan,Spain,12,9,1.0,0.0,2,1,0,1,2,1,,,,,1,3,1,0,0,0
871855,2022-12-01 19:00:00+00:00,1669921200,Al Bayt Stadium,Al Khor,FT,1,2022,Group Stage - 3,Costa Rica,Germany,29,25,0.0,1.0,2,4,0,1,2,4,,,,,-2,6,-1,0,0,0
855769,2022-12-02 15:00:00+00:00,1669993200,Education City Stadium,Ar-Rayyan,FT,1,2022,Group Stage - 3,South Korea,Portugal,17,27,1.0,0.0,2,1,1,1,2,1,,,,,1,3,1,0,0,0
855770,2022-12-02 15:00:00+00:00,1669993200,Al Janoub Stadium,Al Wakrah,FT,1,2022,Group Stage - 3,Ghana,Uruguay,1504,7,0.0,1.0,0,2,0,2,0,2,,,,,-2,2,-1,0,0,0
855771,2022-12-02 19:00:00+00:00,1670007600,Lusail Iconic Stadium,Lusail,FT,1,2022,Group Stage - 3,Cameroon,Brazil,1530,6,1.0,0.0,1,0,0,0,1,0,,,,,1,1,1,0,0,0
855772,2022-12-02 19:00:00+00:00,1670007600,Stadium 974,Doha,FT,1,2022,Group Stage - 3,Serbia,Switzerland,14,15,0.0,1.0,2,3,2,2,2,3,,,,,-1,5,-1,0,0,0
976533,2022-12-03 15:00:00+00:00,1670079600,Khalifa International Stadium,Ar-Rayyan,FT,1,2022,Round of 16,Netherlands,USA,1118,2384,1.0,0.0,3,1,2,0,3,1,,,,,2,4,1,0,0,0
976642,2022-12-03 19:00:00+00:00,1670094000,Ahmad bin Ali Stadium,Al-Rayyan,FT,1,2022,Round of 16,Argentina,Australia,26,20,1.0,0.0,2,1,1,0,2,1,,,,,1,3,1,0,0,0
976643,2022-12-04 15:00:00+00:00,1670166000,Al Thumama Stadium,Doha,FT,1,2022,Round of 16,France,Poland,2,24,1.0,0.0,3,1,1,0,3,1,,,,,2,4,1,0,0,0
976534,2022-12-04 19:00:00+00:00,1670180400,Al Bayt Stadium,Al Khor,FT,1,2022,Round of 16,England,Senegal,10,13,1.0,0.0,3,0,2,0,3,0,,,,,3,3,1,0,0,0
977344,2022-12-05 15:00:00+00:00,1670252400,Al Janoub Stadium,Al Wakrah,PEN,1,2022,Round of 16,Japan,Croatia,12,3,0.0,1.0,1,1,1,0,1,1,0.0,0.0,1.0,3.0,0,2,0,1,1,1
977705,2022-12-05 19:00:00+00:00,1670266800,Stadium 974,Doha,FT,1,2022,Round of 16,Brazil,South Korea,6,17,1.0,0.0,4,1,4,0,4,1,,,,,3,5,1,0,0,0
977345,2022-12-06 15:00:00+00:00,1670338800,Education City Stadium,Ar-Rayyan,PEN,1,2022,Round of 16,Morocco,Spain,31,9,1.0,0.0,0,0,0,0,0,0,0.0,0.0,3.0,0.0,0,0,0,1,1,1
977706,2022-12-06 19:00:00+00:00,1670353200,Lusail Iconic Stadium,Lusail,FT,1,2022,Round of 16,Portugal,Switzerland,27,15,1.0,0.0,6,1,2,0,6,1,,,,,5,7,1,0,0,0
978072,2022-12-09 15:00:00+00:00,1670598000,Education City Stadium,Ar-Rayyan,PEN,1,2022,Quarter-finals,Croatia,Brazil,3,6,1.0,0.0,1,1,0,0,0,0,1.0,1.0,4.0,2.0,0,2,0,1,1,1
977794,2022-12-09 19:00:00+00:00,1670612400,Lusail Iconic Stadium,Lusail,PEN,1,2022,Quarter-finals,Netherlands,Argentina,1118,26,0.0,1.0,2,2,0,1,2,2,0.0,0.0,3.0,4.0,0,4,0,1,1,1
978088,2022-12-10 15:00:00+00:00,1670684400,Al Thumama Stadium,Doha,FT,1,2022,Quarter-finals,Morocco,Portugal,31,27,1.0,0.0,1,0,1,0,1,0,,,,,1,1,1,0,0,0
978036,2022-12-10 19:00:00+00:00,1670698800,Al Bayt Stadium,Al Khor,FT,1,2022,Quarter-finals,England,France,10,2,0.0,1.0,1,2,0,1,1,2,,,,,-1,3,-1,0,0,0
978279,2022-12-13 19:00:00+00:00,1670958000,Lusail Iconic Stadium,Lusail,FT,1,2022,Semi-finals,Argentina,Croatia,26,3,1.0,0.0,3,0,2,0,3,0,,,,,3,3,1,0,0,0
978488,2022-12-14 19:00:00+00:00,1671044400,Al Bayt Stadium,Al Khor,FT,1,2022,Semi-finals,France,Morocco,2,31,1.0,0.0,2,0,1,0,2,0,,,,,2,2,1,0,0,0
979138,2022-12-17 15:00:00+00:00,1671289200,Khalifa International Stadium,Ar-Rayyan,FT,1,2022,3rd Place Final,Croatia,Morocco,3,31,1.0,0.0,2,1,2,1,2,1,,,,,1,3,1,0,0,0
979139,2022-12-18 15:00:00+00:00,1671375600,Lusail Iconic Stadium,Lusail,PEN,1,2022,Final,Argentina,France,26,2,1.0,0.0,3,3,2,0,2,2,1.0,1.0,4.0,2.0,0,6,0,1,1,1
