year,stage,group,home_team,away_team,home_score,away_score,score_info
1930,Group Stage,Group 1,France,Mexico,4.0,1.0,
1930,Group Stage,Group 1,Argentina,France,1.0,0.0,
1930,Group Stage,Group 1,Chile,Mexico,3.0,0.0,
1930,Group Stage,Group 1,Chile,France,1.0,0.0,
1930,Group Stage,Group 1,Argentina,Mexico,6.0,3.0,
1930,Group Stage,Group 1,Argentina,Chile,3.0,1.0,
1930,Group Stage,Group 2,Yugoslavia,Brazil,2.0,1.0,
1930,Group Stage,Group 2,Yugoslavia,Bolivia,4.0,0.0,
1930,Group Stage,Group 2,Brazil,Bolivia,4.0,0.0,
1930,Group Stage,Group 3,Romania,Peru,3.0,1.0,
1930,Group Stage,Group 3,Uruguay,Peru,1.0,0.0,
1930,Group Stage,Group 3,Uruguay,Romania,4.0,0.0,
1930,Group Stage,Group 4,United States,Belgium,3.0,0.0,
1930,Group Stage,Group 4,United States,Paraguay,3.0,0.0,
1930,Group Stage,Group 4,Paraguay,Belgium,1.0,0.0,
1930,Semifinals,,Argentina,United States,6.0,1.0,
1930,Semifinals,,Uruguay,Yugoslavia,6.0,1.0,
1930,Final,,Uruguay,Argentina,4.0,2.0,
1934,Round of 16,,Spain,Brazil,3.0,1.0,
1934,Round of 16,,Hungary,Egypt,4.0,2.0,
1934,Round of 16,,Switzerland,Netherlands,3.0,2.0,
1934,Round of 16,,Italy,United States,7.0,1.0,
1934,Round of 16,,Czechoslovakia,Romania,2.0,1.0,
1934,Round of 16,,Sweden,Argentina,3.0,2.0,
1934,Round of 16,,Austria,France,3.0,2.0, a.e.t. 
1934,Round of 16,,Germany,Belgium,5.0,2.0,
1934,Quarterfinals,,Austria,Hungary,2.0,1.0,
1934,Quarterfinals,,Italy,Spain,1.0,1.0, a.e.t. 
1934,Quarterfinals,,Germany,Sweden,2.0,1.0,
1934,Quarterfinals,,Czechoslovakia,Switzerland,3.0,2.0,
1934,Quarterfinals,,Italy,Spain,1.0,0.0,
1934,Semifinals,,Italy,Austria,1.0,0.0,
1934,Semifinals,,Czechoslovakia,Germany,3.0,1.0,
1934,Third Place Match,,Germany,Austria,3.0,2.0,
1934,Final,,Italy,Czechoslovakia,2.0,1.0, a.e.t. 
1938,Round of 16,,Switzerland,Germany,1.0,1.0, a.e.t. 
1938,Round of 16,,Hungary,Dutch East Indies,6.0,0.0,
1938,Round of 16,,Sweden,Austria,,,
1938,Round of 16,,Cuba,Romania,3.0,3.0, a.e.t. 
1938,Round of 16,,France,Belgium,3.0,1.0,
1938,Round of 16,,Italy,Norway,2.0,1.0, a.e.t. 
1938,Round of 16,,Brazil,Poland,6.0,5.0, a.e.t. 
1938,Round of 16,,Czechoslovakia,Netherlands,3.0,0.0, a.e.t. 
1938,Round of 16,,Switzerland,Germany,4.0,2.0,
1938,Round of 16,,Cuba,Romania,2.0,1.0,
1938,Quarterfinals,,Hungary,Switzerland,2.0,0.0,
1938,Quarterfinals,,Sweden,Cuba,8.0,0.0,
1938,Quarterfinals,,Italy,France,3.0,1.0,
1938,Quarterfinals,,Brazil,Czechoslovakia,1.0,1.0, a.e.t. 
1938,Quarterfinals,,Brazil,Czechoslovakia,2.0,1.0,
1938,Semifinals,,Hungary,Sweden,5.0,1.0,
1938,Semifinals,,Italy,Brazil,2.0,1.0,
1938,Third Place Match,,Brazil,Sweden,4.0,2.0,
1938,Final,,Italy,Hungary,4.0,2.0,
1950,Group Stage,Group 1,Brazil,Mexico,4.0,0.0,
1950,Group Stage,Group 1,Yugoslavia,Switzerland,3.0,0.0,
1950,Group Stage,Group 1,Brazil,Switzerland,2.0,2.0,
1950,Group Stage,Group 1,Yugoslavia,Mexico,4.0,1.0,
1950,Group Stage,Group 1,Brazil,Yugoslavia,2.0,0.0,
1950,Group Stage,Group 1,Switzerland,Mexico,2.0,1.0,
1950,Group Stage,Group 2,England,Chile,2.0,0.0,
1950,Group Stage,Group 2,Spain,United States,3.0,1.0,
1950,Group Stage,Group 2,Spain,Chile,2.0,0.0,
1950,Group Stage,Group 2,United States,England,1.0,0.0,
1950,Group Stage,Group 2,Spain,England,1.0,0.0,
1950,Group Stage,Group 2,Chile,United States,5.0,2.0,
1950,Group Stage,Group 3,Sweden,Italy,3.0,2.0,
1950,Group Stage,Group 3,Sweden,Paraguay,2.0,2.0,
1950,Group Stage,Group 3,Italy,Paraguay,2.0,0.0,
1950,Group Stage,Group 4,Uruguay,Bolivia,8.0,0.0,
1950,Final,,Uruguay,Spain,2.0,2.0,
1950,Final,,Brazil,Sweden,7.0,1.0,
1950,Final,,Brazil,Spain,6.0,1.0,
1950,Final,,Uruguay,Sweden,3.0,2.0,
1950,Final,,Sweden,Spain,3.0,1.0,
1950,Final,,Uruguay,Brazil,2.0,1.0,
1954,Group Stage,Group 1,Brazil,Mexico,5.0,0.0,
1954,Group Stage,Group 1,Yugoslavia,France,1.0,0.0,
1954,Group Stage,Group 1,Brazil,Yugoslavia,1.0,1.0, a.e.t. 
1954,Group Stage,Group 1,France,Mexico,3.0,2.0,
1954,Group Stage,Group 2,West Germany,Turkey,4.0,1.0,
1954,Group Stage,Group 2,Hungary,South Korea,9.0,0.0,
1954,Group Stage,Group 2,Hungary,West Germany,8.0,3.0,
1954,Group Stage,Group 2,Turkey,South Korea,7.0,0.0,
1954,Group Stage,Group 2,West Germany,Turkey,7.0,2.0,
1954,Group Stage,Group 3,Uruguay,Czechoslovakia,2.0,0.0,
1954,Group Stage,Group 3,Austria,Scotland,1.0,0.0,
1954,Group Stage,Group 3,Uruguay,Scotland,7.0,0.0,
1954,Group Stage,Group 3,Austria,Czechoslovakia,5.0,0.0,
1954,Group Stage,Group 4,Switzerland,Italy,2.0,1.0,
1954,Group Stage,Group 4,England,Belgium,4.0,4.0, a.e.t. 
1954,Group Stage,Group 4,Italy,Belgium,4.0,1.0,
1954,Group Stage,Group 4,England,Switzerland,2.0,0.0,
1954,Group Stage,Group 4,Switzerland,Italy,4.0,1.0,
1954,Quarterfinals,,Austria,Switzerland,7.0,5.0,
1954,Quarterfinals,,Uruguay,England,4.0,2.0,
1954,Quarterfinals,,West Germany,Yugoslavia,2.0,0.0,
1954,Quarterfinals,,Hungary,Brazil,4.0,2.0,
1954,Semifinals,,West Germany,Austria,6.0,1.0,
1954,Semifinals,,Hungary,Uruguay,4.0,2.0, a.e.t. 
1954,Third Place Match,,Austria,Uruguay,3.0,1.0,
1954,Final,,West Germany,Hungary,3.0,2.0,
1958,Group Stage,Group 1,Argentina,West Germany,1.0,3.0,
1958,Group Stage,Group 1,Northern Ireland,Czechoslovakia,1.0,0.0,
1958,Group Stage,Group 1,West Germany,Czechoslovakia,2.0,2.0,
1958,Group Stage,Group 1,Argentina,Northern Ireland,3.0,1.0,
1958,Group Stage,Group 1,West Germany,Northern Ireland,2.0,2.0,
1958,Group Stage,Group 1,Czechoslovakia,Argentina,6.0,1.0,
1958,Group Stage,Group 1,Northern Ireland,Czechoslovakia,2.0,1.0, a.e.t. 
1958,Group Stage,Group 2,France,Paraguay,7.0,3.0,
1958,Group Stage,Group 2,Yugoslavia,Scotland,1.0,1.0,
1958,Group Stage,Group 2,Yugoslavia,France,3.0,2.0,
1958,Group Stage,Group 2,Paraguay,Scotland,3.0,2.0,
1958,Group Stage,Group 2,France,Scotland,2.0,1.0,
1958,Group Stage,Group 2,Paraguay,Yugoslavia,3.0,3.0,
1958,Group Stage,Group 3,Sweden,Mexico,3.0,0.0,
1958,Group Stage,Group 3,Hungary,Wales,1.0,1.0,
1958,Group Stage,Group 3,Mexico,Wales,1.0,1.0,
1958,Group Stage,Group 3,Sweden,Hungary,2.0,1.0,
1958,Group Stage,Group 3,Sweden,Wales,0.0,0.0,
1958,Group Stage,Group 3,Hungary,Mexico,4.0,0.0,
1958,Group Stage,Group 3,Wales,Hungary,2.0,1.0,
1958,Group Stage,Group 4,Brazil,Austria,3.0,0.0,
1958,Group Stage,Group 4,Soviet Union,England,2.0,2.0,
1958,Group Stage,Group 4,Brazil,England,0.0,0.0,
1958,Group Stage,Group 4,Soviet Union,Austria,2.0,0.0,
1958,Group Stage,Group 4,England,Austria,2.0,2.0,
1958,Group Stage,Group 4,Brazil,Soviet Union,2.0,0.0,
1958,Group Stage,Group 4,Soviet Union,England,1.0,0.0,
1958,Quarterfinals,,Brazil,Wales,1.0,0.0,
1958,Quarterfinals,,France,Northern Ireland,4.0,0.0,
1958,Quarterfinals,,Sweden,Soviet Union,2.0,0.0,
1958,Quarterfinals,,West Germany,Yugoslavia,1.0,0.0,
1958,Semifinals,,Brazil,France,5.0,2.0,
1958,Semifinals,,Sweden,West Germany,3.0,1.0,
1958,Third Place Match,,France,West Germany,6.0,3.0,
1958,Final,,Brazil,Sweden,5.0,2.0,
1962,Group Stage,Group 1,Uruguay,Colombia,2.0,1.0,
1962,Group Stage,Group 1,Soviet Union,Yugoslavia,2.0,0.0,
1962,Group Stage,Group 1,Yugoslavia,Uruguay,3.0,1.0,
1962,Group Stage,Group 1,Soviet Union,Colombia,4.0,4.0,
1962,Group Stage,Group 1,Soviet Union,Uruguay,2.0,1.0,
1962,Group Stage,Group 1,Yugoslavia,Colombia,5.0,0.0,
1962,Group Stage,Group 2,Chile,Switzerland,3.0,1.0,
1962,Group Stage,Group 2,West Germany,Italy,0.0,0.0,
1962,Group Stage,Group 2,Chile,Italy,2.0,0.0,
1962,Group Stage,Group 2,West Germany,Switzerland,2.0,1.0,
1962,Group Stage,Group 2,West Germany,Chile,2.0,0.0,
1962,Group Stage,Group 2,Italy,Switzerland,3.0,0.0,
1962,Group Stage,Group 3,Brazil,Mexico,2.0,0.0,
1962,Group Stage,Group 3,Czechoslovakia,Spain,1.0,0.0,
1962,Group Stage,Group 3,Brazil,Czechoslovakia,0.0,0.0,
1962,Group Stage,Group 3,Spain,Mexico,1.0,0.0,
1962,Group Stage,Group 3,Brazil,Spain,2.0,1.0,
1962,Group Stage,Group 3,Mexico,Czechoslovakia,3.0,1.0,
1962,Group Stage,Group 4,Argentina,Bulgaria,1.0,0.0,
1962,Group Stage,Group 4,Hungary,England,2.0,1.0,
1962,Group Stage,Group 4,England,Argentina,3.0,1.0,
1962,Group Stage,Group 4,Hungary,Bulgaria,6.0,1.0,
1962,Group Stage,Group 4,Hungary,Argentina,0.0,0.0,
1962,Group Stage,Group 4,England,Bulgaria,0.0,0.0,
1962,Quarterfinals,,Chile,Soviet Union,2.0,1.0,
1962,Quarterfinals,,Czechoslovakia,Hungary,1.0,0.0,
1962,Quarterfinals,,Brazil,England,3.0,1.0,
1962,Quarterfinals,,Yugoslavia,West Germany,1.0,0.0,
1962,Semifinals,,Czechoslovakia,Yugoslavia,3.0,1.0,
1962,Semifinals,,Brazil,Chile,4.0,2.0,
1962,Third Place Match,,Chile,Yugoslavia,1.0,0.0,
1962,Final,,Brazil,Czechoslovakia,3.0,1.0,
1966,Group Stage,Group 1,England,Uruguay,0.0,0.0,
1966,Group Stage,Group 1,France,Mexico,1.0,1.0,
1966,Group Stage,Group 1,Uruguay,France,2.0,1.0,
1966,Group Stage,Group 1,England,Mexico,2.0,0.0,
1966,Group Stage,Group 1,Mexico,Uruguay,0.0,0.0,
1966,Group Stage,Group 1,England,France,2.0,0.0,
1966,Group Stage,Group 2,West Germany,Switzerland,5.0,0.0,
1966,Group Stage,Group 2,Argentina,Spain,2.0,1.0,
1966,Group Stage,Group 2,Spain,Switzerland,2.0,1.0,
1966,Group Stage,Group 2,Argentina,West Germany,0.0,0.0,
1966,Group Stage,Group 2,Argentina,Switzerland,2.0,0.0,
1966,Group Stage,Group 2,West Germany,Spain,2.0,1.0,
1966,Group Stage,Group 3,Brazil,Bulgaria,2.0,0.0,
1966,Group Stage,Group 3,Portugal,Hungary,3.0,1.0,
1966,Group Stage,Group 3,Hungary,Brazil,3.0,1.0,
1966,Group Stage,Group 3,Portugal,Bulgaria,3.0,0.0,
1966,Group Stage,Group 3,Portugal,Brazil,3.0,1.0,
1966,Group Stage,Group 3,Hungary,Bulgaria,3.0,1.0,
1966,Group Stage,Group 4,Soviet Union,North Korea,3.0,0.0,
1966,Group Stage,Group 4,Italy,Chile,2.0,0.0,
1966,Group Stage,Group 4,Chile,North Korea,1.0,1.0,
1966,Group Stage,Group 4,Soviet Union,Italy,1.0,0.0,
1966,Group Stage,Group 4,North Korea,Italy,1.0,0.0,
1966,Group Stage,Group 4,Soviet Union,Chile,2.0,1.0,
1966,Quarterfinals,,England,Argentina,1.0,0.0,
1966,Quarterfinals,,West Germany,Uruguay,4.0,0.0,
1966,Quarterfinals,,Soviet Union,Hungary,2.0,1.0,
1966,Quarterfinals,,Portugal,North Korea,5.0,3.0,
1966,Semifinals,,West Germany,Soviet Union,2.0,1.0,
1966,Semifinals,,England,Portugal,2.0,1.0,
1966,Third Place Match,,Portugal,Soviet Union,2.0,1.0,
1966,Final,,England,West Germany,4.0,2.0, a.e.t. 
1970,Group Stage,Group 1,Mexico,Soviet Union,0.0,0.0,
1970,Group Stage,Group 1,Belgium,El Salvador,3.0,0.0,
1970,Group Stage,Group 1,Soviet Union,Belgium,4.0,1.0,
1970,Group Stage,Group 1,Mexico,El Salvador,4.0,0.0,
1970,Group Stage,Group 1,Soviet Union,El Salvador,2.0,0.0,
1970,Group Stage,Group 1,Mexico,Belgium,1.0,0.0,
1970,Group Stage,Group 2,Uruguay,Israel,2.0,0.0,
1970,Group Stage,Group 2,Italy,Sweden,1.0,0.0,
1970,Group Stage,Group 2,Uruguay,Italy,0.0,0.0,
1970,Group Stage,Group 2,Sweden,Israel,1.0,1.0,
1970,Group Stage,Group 2,Sweden,Uruguay,1.0,0.0,
1970,Group Stage,Group 2,Italy,Israel,0.0,0.0,
1970,Group Stage,Group 3,England,Romania,1.0,0.0,
1970,Group Stage,Group 3,Brazil,Czechoslovakia,4.0,1.0,
1970,Group Stage,Group 3,Romania,Czechoslovakia,2.0,1.0,
1970,Group Stage,Group 3,Brazil,England,1.0,0.0,
1970,Group Stage,Group 3,Brazil,Romania,3.0,2.0,
1970,Group Stage,Group 3,England,Czechoslovakia,1.0,0.0,
1970,Group Stage,Group 4,Peru,Bulgaria,3.0,2.0,
1970,Group Stage,Group 4,West Germany,Morocco,2.0,1.0,
1970,Group Stage,Group 4,Peru,Morocco,3.0,0.0,
1970,Group Stage,Group 4,West Germany,Bulgaria,5.0,2.0,
1970,Group Stage,Group 4,West Germany,Peru,3.0,1.0,
1970,Group Stage,Group 4,Bulgaria,Morocco,1.0,1.0,
1970,Quarterfinals,,Soviet Union,Uruguay,0.0,1.0, a.e.t. 
1970,Quarterfinals,,Italy,Mexico,4.0,1.0,
1970,Quarterfinals,,Brazil,Peru,4.0,2.0,
1970,Quarterfinals,,West Germany,England,3.0,2.0, a.e.t. 
1970,Semifinals,,Brazil,Uruguay,3.0,1.0,
1970,Semifinals,,Italy,West Germany,4.0,3.0, a.e.t. 
1970,Third Place Match,,West Germany,Uruguay,1.0,0.0,
1970,Final,,Brazil,Italy,4.0,1.0,
1974,Group Stage,Group 1,West Germany,Chile,1.0,0.0,
1974,Group Stage,Group 1,East Germany,Australia,2.0,0.0,
1974,Group Stage,Group 1,Australia,West Germany,0.0,3.0,
1974,Group Stage,Group 1,Chile,East Germany,1.0,1.0,
1974,Group Stage,Group 1,Australia,Chile,0.0,0.0,
1974,Group Stage,Group 1,East Germany,West Germany,1.0,0.0,
1974,Group Stage,Group 2,Brazil,Yugoslavia,0.0,0.0,
1974,Group Stage,Group 2,Zaire,Scotland,0.0,2.0,
1974,Group Stage,Group 2,Yugoslavia,Zaire,9.0,0.0,
1974,Group Stage,Group 2,Scotland,Brazil,0.0,0.0,
1974,Group Stage,Group 2,Scotland,Yugoslavia,1.0,1.0,
1974,Group Stage,Group 2,Zaire,Brazil,0.0,3.0,
1974,Group Stage,Group 3,Uruguay,Netherlands,0.0,2.0,
1974,Group Stage,Group 3,Sweden,Bulgaria,0.0,0.0,
1974,Group Stage,Group 3,Bulgaria,Uruguay,1.0,1.0,
1974,Group Stage,Group 3,Netherlands,Sweden,0.0,0.0,
1974,Group Stage,Group 3,Bulgaria,Netherlands,1.0,4.0,
1974,Group Stage,Group 3,Sweden,Uruguay,3.0,0.0,
1974,Group Stage,Group 4,Italy,Haiti,3.0,1.0,
1974,Group Stage,Group 4,Poland,Argentina,3.0,2.0,
1974,Group Stage,Group 4,Argentina,Italy,1.0,1.0,
1974,Group Stage,Group 4,Haiti,Poland,0.0,7.0,
1974,Group Stage,Group 4,Argentina,Haiti,4.0,1.0,
1974,Group Stage,Group 4,Poland,Italy,2.0,1.0,
1974,Group Stage,Group A,Netherlands,Argentina,4.0,0.0,
1974,Group Stage,Group A,Brazil,East Germany,1.0,0.0,
1974,Group Stage,Group A,Argentina,Brazil,1.0,2.0,
1974,Group Stage,Group A,East Germany,Netherlands,0.0,2.0,
1974,Group Stage,Group A,Argentina,East Germany,1.0,1.0,
1974,Group Stage,Group A,Netherlands,Brazil,2.0,0.0,
1974,Group Stage,Group B,Yugoslavia,West Germany,0.0,2.0,
1974,Group Stage,Group B,Sweden,Poland,0.0,1.0,
1974,Group Stage,Group B,Poland,Yugoslavia,2.0,1.0,
1974,Group Stage,Group B,West Germany,Sweden,4.0,2.0,
1974,Group Stage,Group B,Poland,West Germany,0.0,1.0,
1974,Group Stage,Group B,Sweden,Yugoslavia,2.0,1.0,
1974,Third Place Match,,Brazil,Poland,0.0,1.0,
1974,Final,,Netherlands,West Germany,1.0,2.0,
1978,Group Stage,Group 1,Italy,France,2.0,1.0,
1978,Group Stage,Group 1,Argentina,Hungary,2.0,1.0,
1978,Group Stage,Group 1,Italy,Hungary,3.0,1.0,
1978,Group Stage,Group 1,Argentina,France,2.0,1.0,
1978,Group Stage,Group 1,France,Hungary,3.0,1.0,
1978,Group Stage,Group 1,Argentina,Italy,0.0,1.0,
1978,Group Stage,Group 2,West Germany,Poland,0.0,0.0,
1978,Group Stage,Group 2,Tunisia,Mexico,3.0,1.0,
1978,Group Stage,Group 2,West Germany,Mexico,6.0,0.0,
1978,Group Stage,Group 2,Poland,Tunisia,1.0,0.0,
1978,Group Stage,Group 2,West Germany,Tunisia,0.0,0.0,
1978,Group Stage,Group 2,Poland,Mexico,3.0,1.0,
1978,Group Stage,Group 3,Austria,Spain,2.0,1.0,
1978,Group Stage,Group 3,Brazil,Sweden,1.0,1.0,
1978,Group Stage,Group 3,Austria,Sweden,1.0,0.0,
1978,Group Stage,Group 3,Brazil,Spain,0.0,0.0,
1978,Group Stage,Group 3,Spain,Sweden,1.0,0.0,
1978,Group Stage,Group 3,Brazil,Austria,1.0,0.0,
1978,Group Stage,Group 4,Peru,Scotland,3.0,1.0,
1978,Group Stage,Group 4,Netherlands,Iran,3.0,0.0,
1978,Group Stage,Group 4,Scotland,Iran,1.0,1.0,
1978,Group Stage,Group 4,Netherlands,Peru,0.0,0.0,
1978,Group Stage,Group 4,Peru,Iran,4.0,1.0,
1978,Group Stage,Group 4,Scotland,Netherlands,3.0,2.0,
1978,Group Stage,Group A,Austria,Netherlands,1.0,5.0,
1978,Group Stage,Group A,Italy,West Germany,0.0,0.0,
1978,Group Stage,Group A,Netherlands,West Germany,2.0,2.0,
1978,Group Stage,Group A,Italy,Austria,1.0,0.0,
1978,Group Stage,Group A,Austria,West Germany,3.0,2.0,
1978,Group Stage,Group A,Italy,Netherlands,1.0,2.0,
1978,Group Stage,Group B,Brazil,Peru,3.0,0.0,
1978,Group Stage,Group B,Argentina,Poland,2.0,0.0,
1978,Group Stage,Group B,Peru,Poland,0.0,1.0,
1978,Group Stage,Group B,Argentina,Brazil,0.0,0.0,
1978,Group Stage,Group B,Brazil,Poland,3.0,1.0,
1978,Group Stage,Group B,Argentina,Peru,6.0,0.0,
1978,Third Place Match,,Brazil,Italy,2.0,1.0,
1978,Final,,Argentina,Netherlands,3.0,1.0, a.e.t. 
1982,Group Stage,Group 1,Italy,Poland,0.0,0.0,
1982,Group Stage,Group 1,Peru,Cameroon,0.0,0.0,
1982,Group Stage,Group 1,Italy,Peru,1.0,1.0,
1982,Group Stage,Group 1,Poland,Cameroon,0.0,0.0,
1982,Group Stage,Group 1,Poland,Peru,5.0,1.0,
1982,Group Stage,Group 1,Italy,Cameroon,1.0,1.0,
1982,Group Stage,Group 2,West Germany,Algeria,1.0,2.0,
1982,Group Stage,Group 2,Chile,Austria,0.0,1.0,
1982,Group Stage,Group 2,West Germany,Chile,4.0,1.0,
1982,Group Stage,Group 2,Algeria,Austria,0.0,2.0,
1982,Group Stage,Group 2,Algeria,Chile,3.0,2.0,
1982,Group Stage,Group 2,West Germany,Austria,1.0,0.0,
1982,Group Stage,Group 3,Argentina,Belgium,0.0,1.0,
1982,Group Stage,Group 3,Hungary,El Salvador,10.0,1.0,
1982,Group Stage,Group 3,Argentina,Hungary,4.0,1.0,
1982,Group Stage,Group 3,Belgium,El Salvador,1.0,0.0,
1982,Group Stage,Group 3,Belgium,Hungary,1.0,1.0,
1982,Group Stage,Group 3,Argentina,El Salvador,2.0,0.0,
1982,Group Stage,Group 4,England,France,3.0,1.0,
1982,Group Stage,Group 4,Czechoslovakia,Kuwait,1.0,1.0,
1982,Group Stage,Group 4,England,Czechoslovakia,2.0,0.0,
1982,Group Stage,Group 4,France,Kuwait,4.0,1.0,
1982,Group Stage,Group 4,France,Czechoslovakia,1.0,1.0,
1982,Group Stage,Group 4,England,Kuwait,1.0,0.0,
1982,Group Stage,Group 5,Spain,Honduras,1.0,1.0,
1982,Group Stage,Group 5,Yugoslavia,Northern Ireland,0.0,0.0,
1982,Group Stage,Group 5,Spain,Yugoslavia,2.0,1.0,
1982,Group Stage,Group 5,Honduras,Northern Ireland,1.0,1.0,
1982,Group Stage,Group 5,Honduras,Yugoslavia,0.0,1.0,
1982,Group Stage,Group 5,Spain,Northern Ireland,0.0,1.0,
1982,Group Stage,Group 6,Brazil,Soviet Union,2.0,1.0,
1982,Group Stage,Group 6,Scotland,New Zealand,5.0,2.0,
1982,Group Stage,Group 6,Brazil,Scotland,4.0,1.0,
1982,Group Stage,Group 6,Soviet Union,New Zealand,3.0,0.0,
1982,Group Stage,Group 6,Soviet Union,Scotland,2.0,2.0,
1982,Group Stage,Group 6,Brazil,New Zealand,4.0,0.0,
1982,Group Stage,Group A,Poland,Belgium,3.0,0.0,
1982,Group Stage,Group A,Belgium,Soviet Union,0.0,1.0,
1982,Group Stage,Group A,Soviet Union,Poland,0.0,0.0,
1982,Group Stage,Group B,West Germany,England,0.0,0.0,
1982,Group Stage,Group B,West Germany,Spain,2.0,1.0,
1982,Group Stage,Group B,Spain,England,0.0,0.0,
1982,Group Stage,Group C,Italy,Argentina,2.0,1.0,
1982,Group Stage,Group C,Argentina,Brazil,1.0,3.0,
1982,Group Stage,Group C,Italy,Brazil,3.0,2.0,
1982,Group Stage,Group D,Austria,France,0.0,1.0,
1982,Group Stage,Group D,Austria,Northern Ireland,2.0,2.0,
1982,Group Stage,Group D,France,Northern Ireland,4.0,1.0,
1982,Semifinals,,Poland,Italy,0.0,2.0,
1982,Semifinals,,West Germany,France,3.0,3.0, a.e.t. 
1982,Third Place Match,,Poland,France,3.0,2.0,
1982,Final,,Italy,West Germany,3.0,1.0,
1986,Group Stage,Group A,Bulgaria,Italy,1.0,1.0,
1986,Group Stage,Group A,Argentina,South Korea,3.0,1.0,
1986,Group Stage,Group A,Italy,Argentina,1.0,1.0,
1986,Group Stage,Group A,South Korea,Bulgaria,1.0,1.0,
1986,Group Stage,Group A,South Korea,Italy,2.0,3.0,
1986,Group Stage,Group A,Argentina,Bulgaria,2.0,0.0,
1986,Group Stage,Group B,Belgium,Mexico,1.0,2.0,
1986,Group Stage,Group B,Paraguay,Iraq,1.0,0.0,
1986,Group Stage,Group B,Mexico,Paraguay,1.0,1.0,
1986,Group Stage,Group B,Iraq,Belgium,1.0,2.0,
1986,Group Stage,Group B,Paraguay,Belgium,2.0,2.0,
1986,Group Stage,Group B,Iraq,Mexico,0.0,1.0,
1986,Group Stage,Group C,Canada,France,0.0,1.0,
1986,Group Stage,Group C,Soviet Union,Hungary,6.0,0.0,
1986,Group Stage,Group C,France,Soviet Union,1.0,1.0,
1986,Group Stage,Group C,Hungary,Canada,2.0,0.0,
1986,Group Stage,Group C,Hungary,France,0.0,3.0,
1986,Group Stage,Group C,Soviet Union,Canada,2.0,0.0,
1986,Group Stage,Group D,Spain,Brazil,0.0,1.0,
1986,Group Stage,Group D,Algeria,Northern Ireland,1.0,1.0,
1986,Group Stage,Group D,Brazil,Algeria,1.0,0.0,
1986,Group Stage,Group D,Northern Ireland,Spain,1.0,2.0,
1986,Group Stage,Group D,Northern Ireland,Brazil,0.0,3.0,
1986,Group Stage,Group D,Algeria,Spain,0.0,3.0,
1986,Group Stage,Group E,Uruguay,West Germany,1.0,1.0,
1986,Group Stage,Group E,Scotland,Denmark,0.0,1.0,
1986,Group Stage,Group E,West Germany,Scotland,2.0,1.0,
1986,Group Stage,Group E,Denmark,Uruguay,6.0,1.0,
1986,Group Stage,Group E,Denmark,West Germany,2.0,0.0,
1986,Group Stage,Group E,Scotland,Uruguay,0.0,0.0,
1986,Group Stage,Group F,Morocco,Poland,0.0,0.0,
1986,Group Stage,Group F,Portugal,England,1.0,0.0,
1986,Group Stage,Group F,England,Morocco,0.0,0.0,
1986,Group Stage,Group F,Poland,Portugal,1.0,0.0,
1986,Group Stage,Group F,England,Poland,3.0,0.0,
1986,Group Stage,Group F,Portugal,Morocco,1.0,3.0,
1986,Round of 16,,Mexico,Bulgaria,2.0,0.0,
1986,Round of 16,,Soviet Union,Belgium,3.0,4.0, a.e.t. 
1986,Round of 16,,Brazil,Poland,4.0,0.0,
1986,Round of 16,,Argentina,Uruguay,1.0,0.0,
1986,Round of 16,,Italy,France,0.0,2.0,
1986,Round of 16,,Morocco,West Germany,0.0,1.0,
1986,Round of 16,,England,Paraguay,3.0,0.0,
1986,Round of 16,,Denmark,Spain,1.0,5.0,
1986,Quarterfinals,,Brazil,France,1.0,1.0, a.e.t. 
1986,Quarterfinals,,West Germany,Mexico,0.0,0.0, a.e.t. 
1986,Quarterfinals,,Argentina,England,2.0,1.0,
1986,Quarterfinals,,Spain,Belgium,1.0,1.0, a.e.t. 
1986,Semifinals,,France,West Germany,0.0,2.0,
1986,Semifinals,,Argentina,Belgium,2.0,0.0,
1986,Third Place Match,,Belgium,France,2.0,4.0, a.e.t. 
1986,Final,,Argentina,West Germany,3.0,2.0,
1990,Round of 16,,Cameroon,Colombia,2.0,1.0, a.e.t. 
1990,Round of 16,,Czechoslovakia,Costa Rica,4.0,1.0,
1990,Round of 16,,Brazil,Argentina,0.0,1.0,
1990,Round of 16,,West Germany,Netherlands,2.0,1.0,
1990,Round of 16,,Republic of Ireland,Romania,0.0,0.0, a.e.t. 
1990,Round of 16,,Italy,Uruguay,2.0,0.0,
1990,Round of 16,,Spain,Yugoslavia,1.0,2.0, a.e.t. 
1990,Round of 16,,England,Belgium,1.0,0.0, a.e.t. 
1990,Quarterfinals,,Argentina,Yugoslavia,0.0,0.0, a.e.t. 
1990,Quarterfinals,,Republic of Ireland,Italy,0.0,1.0,
1990,Quarterfinals,,Czechoslovakia,West Germany,0.0,1.0,
1990,Quarterfinals,,Cameroon,England,2.0,3.0, a.e.t. 
1990,Semifinals,,Argentina,Italy,1.0,1.0, a.e.t. 
1990,Semifinals,,West Germany,England,1.0,1.0, a.e.t. 
1990,Third Place Match,,Italy,England,2.0,1.0,
1990,Final,,West Germany,Argentina,1.0,0.0,
1994,Group Stage,Group A,United States,Switzerland,1.0,1.0,
1994,Group Stage,Group A,Colombia,Romania,1.0,3.0,
1994,Group Stage,Group A,Romania,Switzerland,1.0,4.0,
1994,Group Stage,Group A,United States,Colombia,2.0,1.0,
1994,Group Stage,Group A,Switzerland,Colombia,0.0,2.0,
1994,Group Stage,Group A,United States,Romania,0.0,1.0,
1994,Group Stage,Group B,Cameroon,Sweden,2.0,2.0,
1994,Group Stage,Group B,Brazil,Russia,2.0,0.0,
1994,Group Stage,Group B,Brazil,Cameroon,3.0,0.0,
1994,Group Stage,Group B,Sweden,Russia,3.0,1.0,
1994,Group Stage,Group B,Russia,Cameroon,6.0,1.0,
1994,Group Stage,Group B,Brazil,Sweden,1.0,1.0,
1994,Group Stage,Group C,Germany,Bolivia,1.0,0.0,
1994,Group Stage,Group C,Spain,South Korea,2.0,2.0,
1994,Group Stage,Group C,Germany,Spain,1.0,1.0,
1994,Group Stage,Group C,South Korea,Bolivia,0.0,0.0,
1994,Group Stage,Group C,Bolivia,Spain,1.0,3.0,
1994,Group Stage,Group C,Germany,South Korea,3.0,2.0,
1994,Group Stage,Group D,Argentina,Greece,4.0,0.0,
1994,Group Stage,Group D,Nigeria,Bulgaria,3.0,0.0,
1994,Group Stage,Group D,Argentina,Nigeria,2.0,1.0,
1994,Group Stage,Group D,Bulgaria,Greece,4.0,0.0,
1994,Group Stage,Group D,Argentina,Bulgaria,0.0,2.0,
1994,Group Stage,Group D,Greece,Nigeria,0.0,2.0,
1994,Group Stage,Group E,Italy,Republic of Ireland,0.0,1.0,
1994,Group Stage,Group E,Norway,Mexico,1.0,0.0,
1994,Group Stage,Group E,Italy,Norway,1.0,0.0,
1994,Group Stage,Group E,Mexico,Republic of Ireland,2.0,1.0,
1994,Group Stage,Group E,Italy,Mexico,1.0,1.0,
1994,Group Stage,Group E,Republic of Ireland,Norway,0.0,0.0,
1994,Group Stage,Group F,Belgium,Morocco,1.0,0.0,
1994,Group Stage,Group F,Netherlands,Saudi Arabia,2.0,1.0,
1994,Group Stage,Group F,Belgium,Netherlands,1.0,0.0,
1994,Group Stage,Group F,Saudi Arabia,Morocco,2.0,1.0,
1994,Group Stage,Group F,Belgium,Saudi Arabia,0.0,1.0,
1994,Group Stage,Group F,Morocco,Netherlands,1.0,2.0,
1994,Round of 16,,Germany,Belgium,3.0,2.0,
1994,Round of 16,,Spain,Switzerland,3.0,0.0,
1994,Round of 16,,Saudi Arabia,Sweden,1.0,3.0,
1994,Round of 16,,Romania,Argentina,3.0,2.0,
1994,Round of 16,,Netherlands,Republic of Ireland,2.0,0.0,
1994,Round of 16,,Brazil,United States,1.0,0.0,
1994,Round of 16,,Nigeria,Italy,1.0,2.0, a.e.t. 
1994,Round of 16,,Mexico,Bulgaria,1.0,1.0, a.e.t. 
1994,Quarterfinals,,Italy,Spain,2.0,1.0,
1994,Quarterfinals,,Netherlands,Brazil,2.0,3.0,
1994,Quarterfinals,,Bulgaria,Germany,2.0,1.0,
1994,Quarterfinals,,Romania,Sweden,2.0,2.0, a.e.t. 
1994,Semifinals,,Bulgaria,Italy,1.0,2.0,
1994,Semifinals,,Sweden,Brazil,0.0,1.0,
1994,Third Place Match,,Sweden,Bulgaria,4.0,0.0,
1994,Final,,Brazil,Italy,0.0,0.0, a.e.t. 
1998,Group Stage,Group A,Brazil,Scotland,2.0,1.0,
1998,Group Stage,Group A,Morocco,Norway,2.0,2.0,
1998,Group Stage,Group A,Scotland,Norway,1.0,1.0,
1998,Group Stage,Group A,Brazil,Morocco,3.0,0.0,
1998,Group Stage,Group A,Scotland,Morocco,0.0,3.0,
1998,Group Stage,Group A,Brazil,Norway,1.0,2.0,
1998,Group Stage,Group B,Italy,Chile,2.0,2.0,
1998,Group Stage,Group B,Cameroon,Austria,1.0,1.0,
1998,Group Stage,Group B,Chile,Austria,1.0,1.0,
1998,Group Stage,Group B,Italy,Cameroon,3.0,0.0,
1998,Group Stage,Group B,Italy,Austria,2.0,1.0,
1998,Group Stage,Group B,Chile,Cameroon,1.0,1.0,
1998,Group Stage,Group C,Saudi Arabia,Denmark,0.0,1.0,
1998,Group Stage,Group C,France,South Africa,3.0,0.0,
1998,Group Stage,Group C,South Africa,Denmark,1.0,1.0,
1998,Group Stage,Group C,France,Saudi Arabia,4.0,0.0,
1998,Group Stage,Group C,France,Denmark,2.0,1.0,
1998,Group Stage,Group C,South Africa,Saudi Arabia,2.0,2.0,
1998,Group Stage,Group D,Paraguay,Bulgaria,0.0,0.0,
1998,Group Stage,Group D,Spain,Nigeria,2.0,3.0,
1998,Group Stage,Group D,Nigeria,Bulgaria,1.0,0.0,
1998,Group Stage,Group D,Spain,Paraguay,0.0,0.0,
1998,Group Stage,Group D,Nigeria,Paraguay,1.0,3.0,
1998,Group Stage,Group D,Spain,Bulgaria,6.0,1.0,
1998,Group Stage,Group E,South Korea,Mexico,1.0,3.0,
1998,Group Stage,Group E,Netherlands,Belgium,0.0,0.0,
1998,Group Stage,Group E,Belgium,Mexico,2.0,2.0,
1998,Group Stage,Group E,Netherlands,South Korea,5.0,0.0,
1998,Group Stage,Group E,Netherlands,Mexico,2.0,2.0,
1998,Group Stage,Group E,Belgium,South Korea,1.0,1.0,
1998,Group Stage,Group F,FR Yugoslavia,Iran,1.0,0.0,
1998,Group Stage,Group F,Germany,United States,2.0,0.0,
1998,Group Stage,Group F,Germany,FR Yugoslavia,2.0,2.0,
1998,Group Stage,Group F,United States,Iran,1.0,2.0,
1998,Group Stage,Group F,Germany,Iran,2.0,0.0,
1998,Group Stage,Group F,United States,FR Yugoslavia,0.0,1.0,
1998,Group Stage,Group G,England,Tunisia,2.0,0.0,
1998,Group Stage,Group G,Romania,Colombia,1.0,0.0,
1998,Group Stage,Group G,Colombia,Tunisia,1.0,0.0,
1998,Group Stage,Group G,Romania,England,2.0,1.0,
1998,Group Stage,Group G,Colombia,England,0.0,2.0,
1998,Group Stage,Group G,Romania,Tunisia,1.0,1.0,
1998,Group Stage,Group H,Argentina,Japan,1.0,0.0,
1998,Group Stage,Group H,Jamaica,Croatia,1.0,3.0,
1998,Group Stage,Group H,Japan,Croatia,0.0,1.0,
1998,Group Stage,Group H,Argentina,Jamaica,5.0,0.0,
1998,Group Stage,Group H,Argentina,Croatia,1.0,0.0,
1998,Group Stage,Group H,Japan,Jamaica,1.0,2.0,
1998,Round of 16,,Italy,Norway,1.0,0.0,
1998,Round of 16,,Brazil,Chile,4.0,1.0,
1998,Round of 16,,France,Paraguay,1.0,0.0, a.e.t. / g.g. 
1998,Round of 16,,Nigeria,Denmark,1.0,4.0,
1998,Round of 16,,Germany,Mexico,2.0,1.0,
1998,Round of 16,,Netherlands,FR Yugoslavia,2.0,1.0,
1998,Round of 16,,Romania,Croatia,0.0,1.0,
1998,Round of 16,,Argentina,England,2.0,2.0, a.e.t. 
1998,Quarterfinals,,Italy,France,0.0,0.0, a.e.t. 
1998,Quarterfinals,,Brazil,Denmark,3.0,2.0,
1998,Quarterfinals,,Netherlands,Argentina,2.0,1.0,
1998,Quarterfinals,,Germany,Croatia,0.0,3.0,
1998,Semifinals,,Brazil,Netherlands,1.0,1.0, a.e.t. 
1998,Semifinals,,France,Croatia,2.0,1.0,
1998,Third Place Match,,Netherlands,Croatia,1.0,2.0,
1998,Final,,Brazil,France,0.0,3.0,
2002,Group Stage,Group A,France,Senegal,0.0,1.0,
2002,Group Stage,Group A,Uruguay,Denmark,1.0,2.0,
2002,Group Stage,Group A,Denmark,Senegal,1.0,1.0,
2002,Group Stage,Group A,France,Uruguay,0.0,0.0,
2002,Group Stage,Group A,Denmark,France,2.0,0.0,
2002,Group Stage,Group A,Senegal,Uruguay,3.0,3.0,
2002,Group Stage,Group B,Paraguay,South Africa,2.0,2.0,
2002,Group Stage,Group B,Spain,Slovenia,3.0,1.0,
2002,Group Stage,Group B,Spain,Paraguay,3.0,1.0,
2002,Group Stage,Group B,South Africa,Slovenia,1.0,0.0,
2002,Group Stage,Group B,South Africa,Spain,2.0,3.0,
2002,Group Stage,Group B,Slovenia,Paraguay,1.0,3.0,
2002,Group Stage,Group C,Brazil,Turkey,2.0,1.0,
2002,Group Stage,Group C,China,Costa Rica,0.0,2.0,
2002,Group Stage,Group C,Brazil,China,4.0,0.0,
2002,Group Stage,Group C,Costa Rica,Turkey,1.0,1.0,
2002,Group Stage,Group C,Costa Rica,Brazil,2.0,5.0,
2002,Group Stage,Group C,Turkey,China,3.0,0.0,
2002,Group Stage,Group D,South Korea,Poland,2.0,0.0,
2002,Group Stage,Group D,United States,Portugal,3.0,2.0,
2002,Group Stage,Group D,South Korea,United States,1.0,1.0,
2002,Group Stage,Group D,Portugal,Poland,4.0,0.0,
2002,Group Stage,Group D,Portugal,South Korea,0.0,1.0,
2002,Group Stage,Group D,Poland,United States,3.0,1.0,
2002,Group Stage,Group E,Republic of Ireland,Cameroon,1.0,1.0,
2002,Group Stage,Group E,Germany,Saudi Arabia,8.0,0.0,
2002,Group Stage,Group E,Germany,Republic of Ireland,1.0,1.0,
2002,Group Stage,Group E,Cameroon,Saudi Arabia,1.0,0.0,
2002,Group Stage,Group E,Cameroon,Germany,0.0,2.0,
2002,Group Stage,Group E,Saudi Arabia,Republic of Ireland,0.0,3.0,
2002,Group Stage,Group F,Argentina,Nigeria,1.0,0.0,
2002,Group Stage,Group F,England,Sweden,1.0,1.0,
2002,Group Stage,Group F,Sweden,Nigeria,2.0,1.0,
2002,Group Stage,Group F,Argentina,England,0.0,1.0,
2002,Group Stage,Group F,Sweden,Argentina,1.0,1.0,
2002,Group Stage,Group F,Nigeria,England,0.0,0.0,
2002,Group Stage,Group G,Croatia,Mexico,0.0,1.0,
2002,Group Stage,Group G,Italy,Ecuador,2.0,0.0,
2002,Group Stage,Group G,Italy,Croatia,1.0,2.0,
2002,Group Stage,Group G,Mexico,Ecuador,2.0,1.0,
2002,Group Stage,Group G,Mexico,Italy,1.0,1.0,
2002,Group Stage,Group G,Ecuador,Croatia,1.0,0.0,
2002,Group Stage,Group H,Japan,Belgium,2.0,2.0,
2002,Group Stage,Group H,Russia,Tunisia,2.0,0.0,
2002,Group Stage,Group H,Japan,Russia,1.0,0.0,
2002,Group Stage,Group H,Tunisia,Belgium,1.0,1.0,
2002,Group Stage,Group H,Tunisia,Japan,0.0,2.0,
2002,Group Stage,Group H,Belgium,Russia,3.0,2.0,
2002,Round of 16,,Germany,Paraguay,1.0,0.0,
2002,Round of 16,,Denmark,England,0.0,3.0,
2002,Round of 16,,Sweden,Senegal,1.0,2.0, a.e.t. / g.g. 
2002,Round of 16,,Spain,Republic of Ireland,1.0,1.0, a.e.t. 
2002,Round of 16,,Mexico,United States,0.0,2.0,
2002,Round of 16,,Brazil,Belgium,2.0,0.0,
2002,Round of 16,,Japan,Turkey,0.0,1.0,
2002,Round of 16,,South Korea,Italy,2.0,1.0, a.e.t. / g.g. 
2002,Quarterfinals,,England,Brazil,1.0,2.0,
2002,Quarterfinals,,Germany,United States,1.0,0.0,
2002,Quarterfinals,,Spain,South Korea,0.0,0.0, a.e.t. 
2002,Quarterfinals,,Senegal,Turkey,0.0,1.0, a.e.t. / g.g. 
2002,Semifinals,,Germany,South Korea,1.0,0.0,
2002,Semifinals,,Brazil,Turkey,1.0,0.0,
2002,Third Place Match,,South Korea,Turkey,2.0,3.0,
2002,Final,,Germany,Brazil,0.0,2.0,
2006,Group Stage,Group A,Germany,Costa Rica,4.0,2.0,
2006,Group Stage,Group A,Poland,Ecuador,0.0,2.0,
2006,Group Stage,Group A,Germany,Poland,1.0,0.0,
2006,Group Stage,Group A,Ecuador,Costa Rica,3.0,0.0,
2006,Group Stage,Group A,Ecuador,Germany,0.0,3.0,
2006,Group Stage,Group A,Costa Rica,Poland,1.0,2.0,
2006,Group Stage,Group B,England,Paraguay,1.0,0.0,
2006,Group Stage,Group B,Trinidad and Tobago,Sweden,0.0,0.0,
2006,Group Stage,Group B,England,Trinidad and Tobago,2.0,0.0,
2006,Group Stage,Group B,Sweden,Paraguay,1.0,0.0,
2006,Group Stage,Group B,Sweden,England,2.0,2.0,
2006,Group Stage,Group B,Paraguay,Trinidad and Tobago,2.0,0.0,
2006,Group Stage,Group C,Argentina,Ivory Coast,2.0,1.0,
2006,Group Stage,Group C,Serbia and Montenegro,Netherlands,0.0,1.0,
2006,Group Stage,Group C,Argentina,Serbia and Montenegro,6.0,0.0,
2006,Group Stage,Group C,Netherlands,Ivory Coast,2.0,1.0,
2006,Group Stage,Group C,Netherlands,Argentina,0.0,0.0,
2006,Group Stage,Group C,Ivory Coast,Serbia and Montenegro,3.0,2.0,
2006,Group Stage,Group D,Mexico,Iran,3.0,1.0,
2006,Group Stage,Group D,Angola,Portugal,0.0,1.0,
2006,Group Stage,Group D,Mexico,Angola,0.0,0.0,
2006,Group Stage,Group D,Portugal,Iran,2.0,0.0,
2006,Group Stage,Group D,Portugal,Mexico,2.0,1.0,
2006,Group Stage,Group D,Iran,Angola,1.0,1.0,
2006,Group Stage,Group E,United States,Czech Republic,0.0,3.0,
2006,Group Stage,Group E,Italy,Ghana,2.0,0.0,
2006,Group Stage,Group E,Czech Republic,Ghana,0.0,2.0,
2006,Group Stage,Group E,Italy,United States,1.0,1.0,
2006,Group Stage,Group E,Czech Republic,Italy,0.0,2.0,
2006,Group Stage,Group E,Ghana,United States,2.0,1.0,
2006,Group Stage,Group F,Australia,Japan,3.0,1.0,
2006,Group Stage,Group F,Brazil,Croatia,1.0,0.0,
2006,Group Stage,Group F,Japan,Croatia,0.0,0.0,
2006,Group Stage,Group F,Brazil,Australia,2.0,0.0,
2006,Group Stage,Group F,Japan,Brazil,1.0,4.0,
2006,Group Stage,Group F,Croatia,Australia,2.0,2.0,
2006,Group Stage,Group G,South Korea,Togo,2.0,1.0,
2006,Group Stage,Group G,France,Switzerland,0.0,0.0,
2006,Group Stage,Group G,France,South Korea,1.0,1.0,
2006,Group Stage,Group G,Togo,Switzerland,0.0,2.0,
2006,Group Stage,Group G,Togo,France,0.0,2.0,
2006,Group Stage,Group G,Switzerland,South Korea,2.0,0.0,
2006,Group Stage,Group H,Spain,Ukraine,4.0,0.0,
2006,Group Stage,Group H,Tunisia,Saudi Arabia,2.0,2.0,
2006,Group Stage,Group H,Saudi Arabia,Ukraine,0.0,4.0,
2006,Group Stage,Group H,Spain,Tunisia,3.0,1.0,
2006,Group Stage,Group H,Saudi Arabia,Spain,0.0,1.0,
2006,Group Stage,Group H,Ukraine,Tunisia,1.0,0.0,
2006,Round of 16,,Germany,Sweden,2.0,0.0,
2006,Round of 16,,Argentina,Mexico,2.0,1.0, a.e.t. 
2006,Round of 16,,England,Ecuador,1.0,0.0,
2006,Round of 16,,Portugal,Netherlands,1.0,0.0,
2006,Round of 16,,Italy,Australia,1.0,0.0,
2006,Round of 16,,Switzerland,Ukraine,0.0,0.0, a.e.t. 
2006,Round of 16,,Brazil,Ghana,3.0,0.0,
2006,Round of 16,,Spain,France,1.0,3.0,
2006,Quarterfinals,,Germany,Argentina,1.0,1.0, a.e.t. 
2006,Quarterfinals,,Italy,Ukraine,3.0,0.0,
2006,Quarterfinals,,England,Portugal,0.0,0.0, a.e.t. 
2006,Quarterfinals,,Brazil,France,0.0,1.0,
2006,Semifinals,,Germany,Italy,0.0,2.0, a.e.t. 
2006,Semifinals,,Portugal,France,0.0,1.0,
2006,Third Place Match,,Germany,Portugal,3.0,1.0,
2006,Final,,Italy,France,1.0,1.0, a.e.t. 
2010,Group Stage,Group A,South Africa,Mexico,1.0,1.0,
2010,Group Stage,Group A,Uruguay,France,0.0,0.0,
2010,Group Stage,Group A,South Africa,Uruguay,0.0,3.0,
2010,Group Stage,Group A,France,Mexico,0.0,2.0,
2010,Group Stage,Group A,Mexico,Uruguay,0.0,1.0,
2010,Group Stage,Group A,France,South Africa,1.0,2.0,
2010,Group Stage,Group B,South Korea,Greece,2.0,0.0,
2010,Group Stage,Group B,Argentina,Nigeria,1.0,0.0,
2010,Group Stage,Group B,Argentina,South Korea,4.0,1.0,
2010,Group Stage,Group B,Greece,Nigeria,2.0,1.0,
2010,Group Stage,Group B,Nigeria,South Korea,2.0,2.0,
2010,Group Stage,Group B,Greece,Argentina,0.0,2.0,
2010,Group Stage,Group C,England,United States,1.0,1.0,
2010,Group Stage,Group C,Algeria,Slovenia,0.0,1.0,
2010,Group Stage,Group C,Slovenia,United States,2.0,2.0,
2010,Group Stage,Group C,England,Algeria,0.0,0.0,
2010,Group Stage,Group C,Slovenia,England,0.0,1.0,
2010,Group Stage,Group C,United States,Algeria,1.0,0.0,
2010,Group Stage,Group D,Serbia,Ghana,0.0,1.0,
2010,Group Stage,Group D,Germany,Australia,4.0,0.0,
2010,Group Stage,Group D,Germany,Serbia,0.0,1.0,
2010,Group Stage,Group D,Ghana,Australia,1.0,1.0,
2010,Group Stage,Group D,Ghana,Germany,0.0,1.0,
2010,Group Stage,Group D,Australia,Serbia,2.0,1.0,
2010,Group Stage,Group E,Netherlands,Denmark,2.0,0.0,
2010,Group Stage,Group E,Japan,Cameroon,1.0,0.0,
2010,Group Stage,Group E,Netherlands,Japan,1.0,0.0,
2010,Group Stage,Group E,Cameroon,Denmark,1.0,2.0,
2010,Group Stage,Group E,Denmark,Japan,1.0,3.0,
2010,Group Stage,Group E,Cameroon,Netherlands,1.0,2.0,
2010,Group Stage,Group F,Italy,Paraguay,1.0,1.0,
2010,Group Stage,Group F,New Zealand,Slovakia,1.0,1.0,
2010,Group Stage,Group F,Slovakia,Paraguay,0.0,2.0,
2010,Group Stage,Group F,Italy,New Zealand,1.0,1.0,
2010,Group Stage,Group F,Slovakia,Italy,3.0,2.0,
2010,Group Stage,Group F,Paraguay,New Zealand,0.0,0.0,
2010,Group Stage,Group G,Ivory Coast,Portugal,0.0,0.0,
2010,Group Stage,Group G,Brazil,North Korea,2.0,1.0,
2010,Group Stage,Group G,Brazil,Ivory Coast,3.0,1.0,
2010,Group Stage,Group G,Portugal,North Korea,7.0,0.0,
2010,Group Stage,Group G,Portugal,Brazil,0.0,0.0,
2010,Group Stage,Group G,North Korea,Ivory Coast,0.0,3.0,
2010,Group Stage,Group H,Honduras,Chile,0.0,1.0,
2010,Group Stage,Group H,Spain,Switzerland,0.0,1.0,
2010,Group Stage,Group H,Chile,Switzerland,1.0,0.0,
2010,Group Stage,Group H,Spain,Honduras,2.0,0.0,
2010,Group Stage,Group H,Chile,Spain,1.0,2.0,
2010,Group Stage,Group H,Switzerland,Honduras,0.0,0.0,
2010,Round of 16,,Uruguay,South Korea,2.0,1.0,
2010,Round of 16,,United States,Ghana,1.0,2.0, a.e.t. 
2010,Round of 16,,Germany,England,4.0,1.0,
2010,Round of 16,,Argentina,Mexico,3.0,1.0,
2010,Round of 16,,Netherlands,Slovakia,2.0,1.0,
2010,Round of 16,,Brazil,Chile,3.0,0.0,
2010,Round of 16,,Paraguay,Japan,0.0,0.0, a.e.t. 
2010,Round of 16,,Spain,Portugal,1.0,0.0,
2010,Quarterfinals,,Netherlands,Brazil,2.0,1.0,
2010,Quarterfinals,,Uruguay,Ghana,1.0,1.0, a.e.t. 
2010,Quarterfinals,,Argentina,Germany,0.0,4.0,
2010,Quarterfinals,,Paraguay,Spain,0.0,1.0,
2010,Semifinals,,Uruguay,Netherlands,2.0,3.0,
2010,Semifinals,,Germany,Spain,0.0,1.0,
2010,Third Place Match,,Uruguay,Germany,2.0,3.0,
2010,Final,,Netherlands,Spain,0.0,1.0, a.e.t. 
2014,Group Stage,Group A,Brazil,Croatia,3.0,1.0,
2014,Group Stage,Group A,Mexico,Cameroon,1.0,0.0,
2014,Group Stage,Group A,Brazil,Mexico,0.0,0.0,
2014,Group Stage,Group A,Cameroon,Croatia,0.0,4.0,
2014,Group Stage,Group A,Cameroon,Brazil,1.0,4.0,
2014,Group Stage,Group A,Croatia,Mexico,1.0,3.0,
2014,Group Stage,Group B,Spain,Netherlands,1.0,5.0,
2014,Group Stage,Group B,Chile,Australia,3.0,1.0,
2014,Group Stage,Group B,Australia,Netherlands,2.0,3.0,
2014,Group Stage,Group B,Spain,Chile,0.0,2.0,
2014,Group Stage,Group B,Australia,Spain,0.0,3.0,
2014,Group Stage,Group B,Netherlands,Chile,2.0,0.0,
2014,Group Stage,Group C,Colombia,Greece,3.0,0.0,
2014,Group Stage,Group C,Ivory Coast,Japan,2.0,1.0,
2014,Group Stage,Group C,Colombia,Ivory Coast,2.0,1.0,
2014,Group Stage,Group C,Japan,Greece,0.0,0.0,
2014,Group Stage,Group C,Japan,Colombia,1.0,4.0,
2014,Group Stage,Group C,Greece,Ivory Coast,2.0,1.0,
2014,Group Stage,Group D,Uruguay,Costa Rica,1.0,3.0,
2014,Group Stage,Group D,England,Italy,1.0,2.0,
2014,Group Stage,Group D,Uruguay,England,2.0,1.0,
2014,Group Stage,Group D,Italy,Costa Rica,0.0,1.0,
2014,Group Stage,Group D,Italy,Uruguay,0.0,1.0,
2014,Group Stage,Group D,Costa Rica,England,0.0,0.0,
2014,Group Stage,Group E,Switzerland,Ecuador,2.0,1.0,
2014,Group Stage,Group E,France,Honduras,3.0,0.0,
2014,Group Stage,Group E,Switzerland,France,2.0,5.0,
2014,Group Stage,Group E,Honduras,Ecuador,1.0,2.0,
2014,Group Stage,Group E,Honduras,Switzerland,0.0,3.0,
2014,Group Stage,Group E,Ecuador,France,0.0,0.0,
2014,Group Stage,Group F,Argentina,Bosnia and Herzegovina,2.0,1.0,
2014,Group Stage,Group F,Iran,Nigeria,0.0,0.0,
2014,Group Stage,Group F,Argentina,Iran,1.0,0.0,
2014,Group Stage,Group F,Nigeria,Bosnia and Herzegovina,1.0,0.0,
2014,Group Stage,Group F,Nigeria,Argentina,2.0,3.0,
2014,Group Stage,Group F,Bosnia and Herzegovina,Iran,3.0,1.0,
2014,Group Stage,Group G,Germany,Portugal,4.0,0.0,
2014,Group Stage,Group G,Ghana,United States,1.0,2.0,
2014,Group Stage,Group G,Germany,Ghana,2.0,2.0,
2014,Group Stage,Group G,United States,Portugal,2.0,2.0,
2014,Group Stage,Group G,United States,Germany,0.0,1.0,
2014,Group Stage,Group G,Portugal,Ghana,2.0,1.0,
2014,Group Stage,Group H,Belgium,Algeria,2.0,1.0,
2014,Group Stage,Group H,Russia,South Korea,1.0,1.0,
2014,Group Stage,Group H,Belgium,Russia,1.0,0.0,
2014,Group Stage,Group H,South Korea,Algeria,2.0,4.0,
2014,Group Stage,Group H,South Korea,Belgium,0.0,1.0,
2014,Group Stage,Group H,Algeria,Russia,1.0,1.0,
2014,Round of 16,,Brazil,Chile,1.0,1.0, a.e.t. 
2014,Round of 16,,Colombia,Uruguay,2.0,0.0,
2014,Round of 16,,Netherlands,Mexico,2.0,1.0,
2014,Round of 16,,Costa Rica,Greece,1.0,1.0, a.e.t. 
2014,Round of 16,,France,Nigeria,2.0,0.0,
2014,Round of 16,,Germany,Algeria,2.0,1.0, a.e.t. 
2014,Round of 16,,Argentina,Switzerland,1.0,0.0, a.e.t. 
2014,Round of 16,,Belgium,United States,2.0,1.0, a.e.t. 
2014,Quarterfinals,,France,Germany,0.0,1.0,
2014,Quarterfinals,,Brazil,Colombia,2.0,1.0,
2014,Quarterfinals,,Argentina,Belgium,1.0,0.0,
2014,Quarterfinals,,Netherlands,Costa Rica,0.0,0.0, a.e.t. 
2014,Semifinals,,Brazil,Germany,1.0,7.0,
2014,Semifinals,,Netherlands,Argentina,0.0,0.0, a.e.t. 
2014,Third Place Match,,Brazil,Netherlands,0.0,3.0,
2014,Final,,Germany,Argentina,1.0,0.0, a.e.t. 
2018,Group Stage,Group A,Russia,Saudi Arabia,5.0,0.0,
2018,Group Stage,Group A,Egypt,Uruguay,0.0,1.0,
2018,Group Stage,Group A,Russia,Egypt,3.0,1.0,
2018,Group Stage,Group A,Uruguay,Saudi Arabia,1.0,0.0,
2018,Group Stage,Group A,Uruguay,Russia,3.0,0.0,
2018,Group Stage,Group A,Saudi Arabia,Egypt,2.0,1.0,
2018,Group Stage,Group B,Morocco,Iran,0.0,1.0,
2018,Group Stage,Group B,Portugal,Spain,3.0,3.0,
2018,Group Stage,Group B,Portugal,Morocco,1.0,0.0,
2018,Group Stage,Group B,Iran,Spain,0.0,1.0,
2018,Group Stage,Group B,Iran,Portugal,1.0,1.0,
2018,Group Stage,Group B,Spain,Morocco,2.0,2.0,
2018,Group Stage,Group C,France,Australia,2.0,1.0,
2018,Group Stage,Group C,Peru,Denmark,0.0,1.0,
2018,Group Stage,Group C,Denmark,Australia,1.0,1.0,
2018,Group Stage,Group C,France,Peru,1.0,0.0,
2018,Group Stage,Group C,Denmark,France,0.0,0.0,
2018,Group Stage,Group C,Australia,Peru,0.0,2.0,
2018,Group Stage,Group D,Argentina,Iceland,1.0,1.0,
2018,Group Stage,Group D,Croatia,Nigeria,2.0,0.0,
2018,Group Stage,Group D,Argentina,Croatia,0.0,3.0,
2018,Group Stage,Group D,Nigeria,Iceland,2.0,0.0,
2018,Group Stage,Group D,Nigeria,Argentina,1.0,2.0,
2018,Group Stage,Group D,Iceland,Croatia,1.0,2.0,
2018,Group Stage,Group E,Costa Rica,Serbia,0.0,1.0,
2018,Group Stage,Group E,Brazil,Switzerland,1.0,1.0,
2018,Group Stage,Group E,Brazil,Costa Rica,2.0,0.0,
2018,Group Stage,Group E,Serbia,Switzerland,1.0,2.0,
2018,Group Stage,Group E,Serbia,Brazil,0.0,2.0,
2018,Group Stage,Group E,Switzerland,Costa Rica,2.0,2.0,
2018,Group Stage,Group F,Germany,Mexico,0.0,1.0,
2018,Group Stage,Group F,Sweden,South Korea,1.0,0.0,
2018,Group Stage,Group F,South Korea,Mexico,1.0,2.0,
2018,Group Stage,Group F,Germany,Sweden,2.0,1.0,
2018,Group Stage,Group F,South Korea,Germany,2.0,0.0,
2018,Group Stage,Group F,Mexico,Sweden,0.0,3.0,
2018,Group Stage,Group G,Belgium,Panama,3.0,0.0,
2018,Group Stage,Group G,Tunisia,England,1.0,2.0,
2018,Group Stage,Group G,Belgium,Tunisia,5.0,2.0,
2018,Group Stage,Group G,England,Panama,6.0,1.0,
2018,Group Stage,Group G,England,Belgium,0.0,1.0,
2018,Group Stage,Group G,Panama,Tunisia,1.0,2.0,
2018,Group Stage,Group H,Colombia,Japan,1.0,2.0,
2018,Group Stage,Group H,Poland,Senegal,1.0,2.0,
2018,Group Stage,Group H,Japan,Senegal,2.0,2.0,
2018,Group Stage,Group H,Poland,Colombia,0.0,3.0,
2018,Group Stage,Group H,Japan,Poland,0.0,1.0,
2018,Group Stage,Group H,Senegal,Colombia,0.0,1.0,
2018,Round of 16,,France,Argentina,4.0,3.0,
2018,Round of 16,,Uruguay,Portugal,2.0,1.0,
2018,Round of 16,,Spain,Russia,1.0,1.0, a.e.t. 
2018,Round of 16,,Croatia,Denmark,1.0,1.0, a.e.t. 
2018,Round of 16,,Brazil,Mexico,2.0,0.0,
2018,Round of 16,,Belgium,Japan,3.0,2.0,
2018,Round of 16,,Sweden,Switzerland,1.0,0.0,
2018,Round of 16,,Colombia,England,1.0,1.0, a.e.t. 
2018,Quarterfinals,,Uruguay,France,0.0,2.0,
2018,Quarterfinals,,Brazil,Belgium,1.0,2.0,
2018,Quarterfinals,,Sweden,England,0.0,2.0,
2018,Quarterfinals,,Russia,Croatia,2.0,2.0, a.e.t. 
2018,Semifinals,,France,Belgium,1.0,0.0,
2018,Semifinals,,Croatia,England,2.0,1.0, a.e.t. 
2018,Third Place Match,,Belgium,England,2.0,0.0,
2018,Final,,France,Croatia,4.0,2.0,
2022,Group Stage,Group A,Qatar,Ecuador,0.0,2.0,
2022,Group Stage,Group A,Senegal,Netherlands,0.0,2.0,
2022,Group Stage,Group A,Qatar,Senegal,1.0,3.0,
2022,Group Stage,Group A,Netherlands,Ecuador,1.0,1.0,
2022,Group Stage,Group A,Ecuador,Senegal,1.0,2.0,
2022,Group Stage,Group A,Netherlands,Qatar,2.0,0.0,
2022,Group Stage,Group B,England,Iran,6.0,2.0,
2022,Group Stage,Group B,United States,Wales,1.0,1.0,
2022,Group Stage,Group B,Wales,Iran,0.0,2.0,
2022,Group Stage,Group B,England,United States,0.0,0.0,
2022,Group Stage,Group B,Wales,England,0.0,3.0,
2022,Group Stage,Group B,Iran,United States,0.0,1.0,
2022,Group Stage,Group C,Argentina,Saudi Arabia,1.0,2.0,
2022,Group Stage,Group C,Mexico,Poland,0.0,0.0,
2022,Group Stage,Group C,Poland,Saudi Arabia,2.0,0.0,
2022,Group Stage,Group C,Argentina,Mexico,2.0,0.0,
2022,Group Stage,Group C,Poland,Argentina,0.0,2.0,
2022,Group Stage,Group C,Saudi Arabia,Mexico,1.0,2.0,
2022,Group Stage,Group D,Denmark,Tunisia,0.0,0.0,
2022,Group Stage,Group D,France,Australia,4.0,1.0,
2022,Group Stage,Group D,Tunisia,Australia,0.0,1.0,
2022,Group Stage,Group D,France,Denmark,2.0,1.0,
2022,Group Stage,Group D,Australia,Denmark,1.0,0.0,
2022,Group Stage,Group D,Tunisia,France,1.0,0.0,
2022,Group Stage,Group E,Germany,Japan,1.0,2.0,
2022,Group Stage,Group E,Spain,Costa Rica,7.0,0.0,
2022,Group Stage,Group E,Japan,Costa Rica,0.0,1.0,
2022,Group Stage,Group E,Spain,Germany,1.0,1.0,
2022,Group Stage,Group E,Japan,Spain,2.0,1.0,
2022,Group Stage,Group E,Costa Rica,Germany,2.0,4.0,
2022,Group Stage,Group F,Morocco,Croatia,0.0,0.0,
2022,Group Stage,Group F,Belgium,Canada,1.0,0.0,
2022,Group Stage,Group F,Belgium,Morocco,0.0,2.0,
2022,Group Stage,Group F,Croatia,Canada,4.0,1.0,
2022,Group Stage,Group F,Croatia,Belgium,0.0,0.0,
2022,Group Stage,Group F,Canada,Morocco,1.0,2.0,
2022,Group Stage,Group G,Switzerland,Cameroon,1.0,0.0,
2022,Group Stage,Group G,Brazil,Serbia,2.0,0.0,
2022,Group Stage,Group G,Cameroon,Serbia,3.0,3.0,
2022,Group Stage,Group G,Brazil,Switzerland,1.0,0.0,
2022,Group Stage,Group G,Serbia,Switzerland,2.0,3.0,
2022,Group Stage,Group G,Cameroon,Brazil,1.0,0.0,
2022,Group Stage,Group H,Uruguay,South Korea,0.0,0.0,
2022,Group Stage,Group H,Portugal,Ghana,3.0,2.0,
2022,Group Stage,Group H,South Korea,Ghana,2.0,3.0,
2022,Group Stage,Group H,Portugal,Uruguay,2.0,0.0,
2022,Group Stage,Group H,Ghana,Uruguay,0.0,2.0,
2022,Group Stage,Group H,South Korea,Portugal,2.0,1.0,
2022,Round of 16,,Netherlands,United States,3.0,1.0,
2022,Round of 16,,Argentina,Australia,2.0,1.0,
2022,Round of 16,,France,Poland,3.0,1.0,
2022,Round of 16,,England,Senegal,3.0,0.0,
2022,Round of 16,,Japan,Croatia,1.0,1.0, a.e.t. 
2022,Round of 16,,Brazil,South Korea,4.0,1.0,
2022,Round of 16,,Morocco,Spain,0.0,0.0, a.e.t. 
2022,Round of 16,,Portugal,Switzerland,6.0,1.0,
2022,Quarterfinals,,Croatia,Brazil,1.0,1.0, a.e.t. 
2022,Quarterfinals,,Netherlands,Argentina,2.0,2.0, a.e.t. 
2022,Quarterfinals,,Morocco,Portugal,1.0,0.0,
2022,Quarterfinals,,England,France,1.0,2.0,
2022,Semifinals,,Argentina,Croatia,3.0,0.0,
2022,Semifinals,,France,Morocco,2.0,0.0,
2022,Third Place Match,,Croatia,Morocco,2.0,1.0,
2022,Final,,Argentina,France,3.0,3.0, a.e.t. 
