year,group,team1,team2,score,source_url
1930,Group A,FRA,MEX,4:1,https://www.rsssf.org/tables/30full.html
1930,Group A,ARG,FRA,1:0,https://www.rsssf.org/tables/30full.html
1930,Group A,CHI,MEX,3:0,https://www.rsssf.org/tables/30full.html
1930,Group A,CHI,FRA,1:0,https://www.rsssf.org/tables/30full.html
1930,Group A,ARG,MEX,6:3,https://www.rsssf.org/tables/30full.html
1930,Group A,ARG,CHI,3:1,https://www.rsssf.org/tables/30full.html
1930,Group B,JUG,BRA,2:1,https://www.rsssf.org/tables/30full.html
1930,Group B,JUG,BOL,4:0,https://www.rsssf.org/tables/30full.html
1930,Group B,BRA,BOL,4:0,https://www.rsssf.org/tables/30full.html
1930,Group C,ROM,PER,3:1,https://www.rsssf.org/tables/30full.html
1930,Group C,URU,PER,1:0,https://www.rsssf.org/tables/30full.html
1930,Group C,URU,ROM,4:0,https://www.rsssf.org/tables/30full.html
1930,Group D,USA,BEL,3:0,https://www.rsssf.org/tables/30full.html
1930,Group D,USA,PAR,3:0,https://www.rsssf.org/tables/30full.html
1930,Group D,PAR,BEL,1:0,https://www.rsssf.org/tables/30full.html
1930,Group D,ARG,USA,6:1,https://www.rsssf.org/tables/30full.html
1930,Group D,URU,JUG,6:1,https://www.rsssf.org/tables/30full.html
1930,Group D,URU,ARG,4:2,https://www.rsssf.org/tables/30full.html
1934,,ITA,USA,7:1,https://www.rsssf.org/tables/34full.html
1934,,CZE,ROM,2:1,https://www.rsssf.org/tables/34full.html
1934,,GER,BEL,5:2,https://www.rsssf.org/tables/34full.html
1934,,AUT,FRA,3:2,https://www.rsssf.org/tables/34full.html
1934,,ESP,BRA,3:1,https://www.rsssf.org/tables/34full.html
1934,,SUI,HOL,3:2,https://www.rsssf.org/tables/34full.html
1934,,SWE,ARG,3:2,https://www.rsssf.org/tables/34full.html
1934,,HUN,EGY,4:2,https://www.rsssf.org/tables/34full.html
1934,,GER,SWE,2:1,https://www.rsssf.org/tables/34full.html
1934,,AUT,HUN,2:1,https://www.rsssf.org/tables/34full.html
1934,,ITA,ESP,1:1,https://www.rsssf.org/tables/34full.html
1934,,ITA,ESP,1:0,https://www.rsssf.org/tables/34full.html
1934,,CZE,SUI,3:2,https://www.rsssf.org/tables/34full.html
1934,,ITA,AUT,1:0,https://www.rsssf.org/tables/34full.html
1934,,CZE,GER,3:1,https://www.rsssf.org/tables/34full.html
1934,,GER,AUT,3:2,https://www.rsssf.org/tables/34full.html
1934,,ITA,CZE,2:1,https://www.rsssf.org/tables/34full.html
1938,,SUI,GER,1:1,https://www.rsssf.org/tables/38full.html
1938,,SUI,GER,4:2,https://www.rsssf.org/tables/38full.html
1938,,CUB,ROM,3:3,https://www.rsssf.org/tables/38full.html
1938,,CUB,ROM,2:1,https://www.rsssf.org/tables/38full.html
1938,,CZE,HOL,3:0,https://www.rsssf.org/tables/38full.html
1938,,FRA,BEL,3:1,https://www.rsssf.org/tables/38full.html
1938,,HUN,IHO,6:0,https://www.rsssf.org/tables/38full.html
1938,,ITA,NOR,2:1,https://www.rsssf.org/tables/38full.html
1938,,BRA,POL,6:5,https://www.rsssf.org/tables/38full.html
1938,,ITA,FRA,3:1,https://www.rsssf.org/tables/38full.html
1938,,SWE,CUB,8:0,https://www.rsssf.org/tables/38full.html
1938,,HUN,SUI,2:0,https://www.rsssf.org/tables/38full.html
1938,,BRA,CZE,1:1,https://www.rsssf.org/tables/38full.html
1938,,BRA,CZE,2:1,https://www.rsssf.org/tables/38full.html
1938,,HUN,SWE,5:1,https://www.rsssf.org/tables/38full.html
1938,,ITA,BRA,2:1,https://www.rsssf.org/tables/38full.html
1938,,BRA,SWE,4:2,https://www.rsssf.org/tables/38full.html
1938,,ITA,HUN,4:2,https://www.rsssf.org/tables/38full.html
1950,Group A,BRA,MEX,4:0,https://www.rsssf.org/tables/50full.html
1950,Group A,JUG,SUI,3:0,https://www.rsssf.org/tables/50full.html
1950,Group A,BRA,SUI,2:2,https://www.rsssf.org/tables/50full.html
1950,Group A,JUG,MEX,4:1,https://www.rsssf.org/tables/50full.html
1950,Group A,BRA,JUG,2:0,https://www.rsssf.org/tables/50full.html
1950,Group A,SUI,MEX,2:1,https://www.rsssf.org/tables/50full.html
1950,Group B,ENG,CHI,2:0,https://www.rsssf.org/tables/50full.html
1950,Group B,ESP,USA,3:1,https://www.rsssf.org/tables/50full.html
1950,Group B,ESP,CHI,2:0,https://www.rsssf.org/tables/50full.html
1950,Group B,USA,ENG,1:0,https://www.rsssf.org/tables/50full.html
1950,Group B,ESP,ENG,1:0,https://www.rsssf.org/tables/50full.html
1950,Group B,CHI,USA,5:2,https://www.rsssf.org/tables/50full.html
1950,Group C,SWE,ITA,3:2,https://www.rsssf.org/tables/50full.html
1950,Group C,SWE,PAR,2:2,https://www.rsssf.org/tables/50full.html
1950,Group C,ITA,PAR,2:0,https://www.rsssf.org/tables/50full.html
1950,Group D,URU,BOL,8:0,https://www.rsssf.org/tables/50full.html
1950,Group D,BRA,SWE,7:1,https://www.rsssf.org/tables/50full.html
1950,Group D,ESP,URU,2:2,https://www.rsssf.org/tables/50full.html
1950,Group D,BRA,ESP,6:1,https://www.rsssf.org/tables/50full.html
1950,Group D,URU,SWE,3:2,https://www.rsssf.org/tables/50full.html
1950,Group D,SWE,ESP,3:1,https://www.rsssf.org/tables/50full.html
1950,Group D,URU,BRA,2:1,https://www.rsssf.org/tables/50full.html
1954,Group A,JUG,FRA,1:0,https://www.rsssf.org/tables/54full.html
1954,Group A,BRA,MEX,5:0,https://www.rsssf.org/tables/54full.html
1954,Group A,BRA,JUG,1:1,https://www.rsssf.org/tables/54full.html
1954,Group A,FRA,MEX,3:2,https://www.rsssf.org/tables/54full.html
1954,Group B,HUN,KOR,9:0,https://www.rsssf.org/tables/54full.html
1954,Group B,HUN,GER,8:3,https://www.rsssf.org/tables/54full.html
1954,Group B,TUR,KOR,7:0,https://www.rsssf.org/tables/54full.html
1954,Group B,GER,TUR,7:2,https://www.rsssf.org/tables/54full.html
1954,Group C,AUT,SCO,1:0,https://www.rsssf.org/tables/54full.html
1954,Group C,URU,CZE,2:0,https://www.rsssf.org/tables/54full.html
1954,Group C,AUT,CZE,5:0,https://www.rsssf.org/tables/54full.html
1954,Group C,URU,SCO,7:0,https://www.rsssf.org/tables/54full.html
1954,Group D,ENG,BEL,4:4,https://www.rsssf.org/tables/54full.html
1954,Group D,SUI,ITA,2:1,https://www.rsssf.org/tables/54full.html
1954,Group D,ENG,SUI,2:0,https://www.rsssf.org/tables/54full.html
1954,Group D,ITA,BEL,4:1,https://www.rsssf.org/tables/54full.html
1954,Group D,SUI,ITA,4:1,https://www.rsssf.org/tables/54full.html
1954,Group D,AUT,SUI,7:5,https://www.rsssf.org/tables/54full.html
1954,Group D,URU,ENG,4:2,https://www.rsssf.org/tables/54full.html
1954,Group D,HUN,BRA,4:2,https://www.rsssf.org/tables/54full.html
1954,Group D,GER,JUG,2:0,https://www.rsssf.org/tables/54full.html
1954,Group D,HUN,URU,4:2,https://www.rsssf.org/tables/54full.html
1954,Group D,GER,AUT,6:1,https://www.rsssf.org/tables/54full.html
1954,Group D,AUT,URU,3:1,https://www.rsssf.org/tables/54full.html
1954,Group D,GER,HUN,3:2,https://www.rsssf.org/tables/54full.html
1958,Group A,NIR,CZE,1:0,https://www.rsssf.org/tables/58full.html
1958,Group A,GER,ARG,3:1,https://www.rsssf.org/tables/58full.html
1958,Group A,ARG,NIR,3:1,https://www.rsssf.org/tables/58full.html
1958,Group A,GER,CZE,2:2,https://www.rsssf.org/tables/58full.html
1958,Group A,GER,NIR,2:2,https://www.rsssf.org/tables/58full.html
1958,Group A,CZE,ARG,6:1,https://www.rsssf.org/tables/58full.html
1958,Group A,NIR,CZE,2:1,https://www.rsssf.org/tables/58full.html
1958,Group B,SCO,JUG,1:1,https://www.rsssf.org/tables/58full.html
1958,Group B,FRA,PAR,7:3,https://www.rsssf.org/tables/58full.html
1958,Group B,PAR,SCO,3:2,https://www.rsssf.org/tables/58full.html
1958,Group B,JUG,FRA,3:2,https://www.rsssf.org/tables/58full.html
1958,Group B,FRA,SCO,2:1,https://www.rsssf.org/tables/58full.html
1958,Group B,PAR,JUG,3:3,https://www.rsssf.org/tables/58full.html
1958,Group C,SWE,MEX,3:0,https://www.rsssf.org/tables/58full.html
1958,Group C,HUN,WAL,1:1,https://www.rsssf.org/tables/58full.html
1958,Group C,MEX,WAL,1:1,https://www.rsssf.org/tables/58full.html
1958,Group C,SWE,HUN,2:1,https://www.rsssf.org/tables/58full.html
1958,Group C,SWE,WAL,0:0,https://www.rsssf.org/tables/58full.html
1958,Group C,HUN,MEX,4:0,https://www.rsssf.org/tables/58full.html
1958,Group C,WAL,HUN,2:1,https://www.rsssf.org/tables/58full.html
1958,Group D,BRA,AUT,3:0,https://www.rsssf.org/tables/58full.html
1958,Group D,ENG,ZSR,2:2,https://www.rsssf.org/tables/58full.html
1958,Group D,ZSR,AUT,2:0,https://www.rsssf.org/tables/58full.html
1958,Group D,BRA,ENG,0:0,https://www.rsssf.org/tables/58full.html
1958,Group D,AUT,ENG,2:2,https://www.rsssf.org/tables/58full.html
1958,Group D,BRA,ZSR,2:0,https://www.rsssf.org/tables/58full.html
1958,Group D,ZSR,ENG,1:0,https://www.rsssf.org/tables/58full.html
1958,Group D,SWE,ZSR,2:0,https://www.rsssf.org/tables/58full.html
1958,Group D,GER,JUG,1:0,https://www.rsssf.org/tables/58full.html
1958,Group D,FRA,NIR,4:0,https://www.rsssf.org/tables/58full.html
1958,Group D,BRA,WAL,1:0,https://www.rsssf.org/tables/58full.html
1958,Group D,BRA,FRA,5:2,https://www.rsssf.org/tables/58full.html
1958,Group D,SWE,GER,3:1,https://www.rsssf.org/tables/58full.html
1958,Group D,FRA,GER,6:3,https://www.rsssf.org/tables/58full.html
1958,Group D,BRA,SWE,5:2,https://www.rsssf.org/tables/58full.html
1962,Group A,URU,COL,2:1,https://www.rsssf.org/tables/62full.html
1962,Group A,ZSR,JUG,2:0,https://www.rsssf.org/tables/62full.html
1962,Group A,JUG,URU,3:1,https://www.rsssf.org/tables/62full.html
1962,Group A,ZSR,COL,4:4,https://www.rsssf.org/tables/62full.html
1962,Group A,ZSR,URU,2:1,https://www.rsssf.org/tables/62full.html
1962,Group A,JUG,COL,5:0,https://www.rsssf.org/tables/62full.html
1962,Group B,CHI,SUI,3:1,https://www.rsssf.org/tables/62full.html
1962,Group B,ITA,GER,0:0,https://www.rsssf.org/tables/62full.html
1962,Group B,CHI,ITA,2:0,https://www.rsssf.org/tables/62full.html
1962,Group B,GER,SUI,2:1,https://www.rsssf.org/tables/62full.html
1962,Group B,GER,CHI,2:0,https://www.rsssf.org/tables/62full.html
1962,Group B,ITA,SUI,3:0,https://www.rsssf.org/tables/62full.html
1962,Group C,BRA,MEX,2:0,https://www.rsssf.org/tables/62full.html
1962,Group C,CZE,ESP,1:0,https://www.rsssf.org/tables/62full.html
1962,Group C,BRA,CZE,0:0,https://www.rsssf.org/tables/62full.html
1962,Group C,ESP,MEX,1:0,https://www.rsssf.org/tables/62full.html
1962,Group C,BRA,ESP,2:1,https://www.rsssf.org/tables/62full.html
1962,Group C,MEX,CZE,3:1,https://www.rsssf.org/tables/62full.html
1962,Group D,ARG,BUL,1:0,https://www.rsssf.org/tables/62full.html
1962,Group D,HUN,ENG,2:1,https://www.rsssf.org/tables/62full.html
1962,Group D,ENG,ARG,3:1,https://www.rsssf.org/tables/62full.html
1962,Group D,HUN,BUL,6:1,https://www.rsssf.org/tables/62full.html
1962,Group D,ARG,HUN,0:0,https://www.rsssf.org/tables/62full.html
1962,Group D,BUL,ENG,0:0,https://www.rsssf.org/tables/62full.html
1962,Group D,CHI,ZSR,2:1,https://www.rsssf.org/tables/62full.html
1962,Group D,JUG,GER,1:0,https://www.rsssf.org/tables/62full.html
1962,Group D,BRA,ENG,3:1,https://www.rsssf.org/tables/62full.html
1962,Group D,CZE,HUN,1:0,https://www.rsssf.org/tables/62full.html
1962,Group D,BRA,CHI,4:2,https://www.rsssf.org/tables/62full.html
1962,Group D,CZE,JUG,3:1,https://www.rsssf.org/tables/62full.html
1962,Group D,CHI,JUG,1:0,https://www.rsssf.org/tables/62full.html
1962,Group D,BRA,CZE,3:1,https://www.rsssf.org/tables/62full.html
1966,Group A,ENG,URU,0:0,https://www.rsssf.org/tables/66full.html
1966,Group A,FRA,MEX,1:1,https://www.rsssf.org/tables/66full.html
1966,Group A,URU,FRA,2:1,https://www.rsssf.org/tables/66full.html
1966,Group A,ENG,MEX,2:0,https://www.rsssf.org/tables/66full.html
1966,Group A,URU,MEX,0:0,https://www.rsssf.org/tables/66full.html
1966,Group A,ENG,FRA,2:0,https://www.rsssf.org/tables/66full.html
1966,Group B,GER,SUI,5:0,https://www.rsssf.org/tables/66full.html
1966,Group B,ARG,ESP,2:1,https://www.rsssf.org/tables/66full.html
1966,Group B,ESP,SUI,2:1,https://www.rsssf.org/tables/66full.html
1966,Group B,ARG,GER,0:0,https://www.rsssf.org/tables/66full.html
1966,Group B,ARG,SUI,2:0,https://www.rsssf.org/tables/66full.html
1966,Group B,GER,ESP,2:1,https://www.rsssf.org/tables/66full.html
1966,Group C,BRA,BUL,2:0,https://www.rsssf.org/tables/66full.html
1966,Group C,POR,HUN,3:1,https://www.rsssf.org/tables/66full.html
1966,Group C,POR,BUL,3:0,https://www.rsssf.org/tables/66full.html
1966,Group C,HUN,BRA,3:1,https://www.rsssf.org/tables/66full.html
1966,Group C,POR,BRA,3:1,https://www.rsssf.org/tables/66full.html
1966,Group C,HUN,BUL,3:1,https://www.rsssf.org/tables/66full.html
1966,Group D,ZSR,KLD,3:0,https://www.rsssf.org/tables/66full.html
1966,Group D,ITA,CHI,2:0,https://www.rsssf.org/tables/66full.html
1966,Group D,CHI,KLD,1:1,https://www.rsssf.org/tables/66full.html
1966,Group D,ZSR,ITA,1:0,https://www.rsssf.org/tables/66full.html
1966,Group D,KLD,ITA,1:0,https://www.rsssf.org/tables/66full.html
1966,Group D,ZSR,CHI,2:1,https://www.rsssf.org/tables/66full.html
1966,Group D,ENG,ARG,1:0,https://www.rsssf.org/tables/66full.html
1966,Group D,GER,URU,4:0,https://www.rsssf.org/tables/66full.html
1966,Group D,POR,KLD,5:3,https://www.rsssf.org/tables/66full.html
1966,Group D,ZSR,HUN,2:1,https://www.rsssf.org/tables/66full.html
1966,Group D,GER,ZSR,2:1,https://www.rsssf.org/tables/66full.html
1966,Group D,ENG,POR,2:1,https://www.rsssf.org/tables/66full.html
1966,Group D,POR,ZSR,2:1,https://www.rsssf.org/tables/66full.html
1966,Group D,ENG,GER,4:2,https://www.rsssf.org/tables/66full.html
1970,Group A,MEX,ZSR,0:0,https://www.rsssf.org/tables/70full.html
1970,Group A,BEL,SAL,3:0,https://www.rsssf.org/tables/70full.html
1970,Group A,ZSR,BEL,4:1,https://www.rsssf.org/tables/70full.html
1970,Group A,MEX,SAL,4:0,https://www.rsssf.org/tables/70full.html
1970,Group A,ZSR,SAL,2:0,https://www.rsssf.org/tables/70full.html
1970,Group A,MEX,BEL,1:0,https://www.rsssf.org/tables/70full.html
1970,Group B,URU,ISR,2:0,https://www.rsssf.org/tables/70full.html
1970,Group B,ITA,SWE,1:0,https://www.rsssf.org/tables/70full.html
1970,Group B,URU,ITA,0:0,https://www.rsssf.org/tables/70full.html
1970,Group B,ISR,SWE,1:1,https://www.rsssf.org/tables/70full.html
1970,Group B,SWE,URU,1:0,https://www.rsssf.org/tables/70full.html
1970,Group B,ITA,ISR,0:0,https://www.rsssf.org/tables/70full.html
1970,Group C,ENG,ROM,1:0,https://www.rsssf.org/tables/70full.html
1970,Group C,BRA,CZE,4:1,https://www.rsssf.org/tables/70full.html
1970,Group C,ROM,CZE,2:1,https://www.rsssf.org/tables/70full.html
1970,Group C,BRA,ENG,1:0,https://www.rsssf.org/tables/70full.html
1970,Group C,BRA,ROM,3:2,https://www.rsssf.org/tables/70full.html
1970,Group C,ENG,CZE,1:0,https://www.rsssf.org/tables/70full.html
1970,Group D,PER,BUL,3:2,https://www.rsssf.org/tables/70full.html
1970,Group D,GER,MAR,2:1,https://www.rsssf.org/tables/70full.html
1970,Group D,PER,MAR,3:0,https://www.rsssf.org/tables/70full.html
1970,Group D,GER,BUL,5:2,https://www.rsssf.org/tables/70full.html
1970,Group D,GER,PER,3:1,https://www.rsssf.org/tables/70full.html
1970,Group D,BUL,MAR,1:1,https://www.rsssf.org/tables/70full.html
1970,Group D,URU,ZSR,1:0,https://www.rsssf.org/tables/70full.html
1970,Group D,ITA,MEX,4:1,https://www.rsssf.org/tables/70full.html
1970,Group D,BRA,PER,4:2,https://www.rsssf.org/tables/70full.html
1970,Group D,GER,ENG,3:2,https://www.rsssf.org/tables/70full.html
1970,Group D,BRA,URU,3:1,https://www.rsssf.org/tables/70full.html
1970,Group D,ITA,GER,4:3,https://www.rsssf.org/tables/70full.html
1970,Group D,GER,URU,1:0,https://www.rsssf.org/tables/70full.html
1970,Group D,BRA,ITA,4:1,https://www.rsssf.org/tables/70full.html
1974,Group A,GER,CHI,1:0,https://www.rsssf.org/tables/74full.html
1974,Group A,DDR,AUS,2:0,https://www.rsssf.org/tables/74full.html
1974,Group A,GER,AUS,3:0,https://www.rsssf.org/tables/74full.html
1974,Group A,DDR,CHI,1:1,https://www.rsssf.org/tables/74full.html
1974,Group A,AUS,CHI,0:0,https://www.rsssf.org/tables/74full.html
1974,Group A,DDR,GER,1:0,https://www.rsssf.org/tables/74full.html
1974,Group B,BRA,JUG,0:0,https://www.rsssf.org/tables/74full.html
1974,Group B,SCO,ZAI,2:0,https://www.rsssf.org/tables/74full.html
1974,Group B,BRA,SCO,0:0,https://www.rsssf.org/tables/74full.html
1974,Group B,JUG,ZAI,9:0,https://www.rsssf.org/tables/74full.html
1974,Group B,SCO,JUG,1:1,https://www.rsssf.org/tables/74full.html
1974,Group B,BRA,ZAI,3:0,https://www.rsssf.org/tables/74full.html
1974,Group C,HOL,URU,2:0,https://www.rsssf.org/tables/74full.html
1974,Group C,BUL,SWE,0:0,https://www.rsssf.org/tables/74full.html
1974,Group C,HOL,SWE,0:0,https://www.rsssf.org/tables/74full.html
1974,Group C,BUL,URU,1:1,https://www.rsssf.org/tables/74full.html
1974,Group C,HOL,BUL,4:1,https://www.rsssf.org/tables/74full.html
1974,Group C,SWE,URU,3:0,https://www.rsssf.org/tables/74full.html
1974,Group D,ITA,HAI,3:1,https://www.rsssf.org/tables/74full.html
1974,Group D,POL,ARG,3:2,https://www.rsssf.org/tables/74full.html
1974,Group D,ARG,ITA,1:1,https://www.rsssf.org/tables/74full.html
1974,Group D,POL,HAI,7:0,https://www.rsssf.org/tables/74full.html
1974,Group D,ARG,HAI,4:1,https://www.rsssf.org/tables/74full.html
1974,Group D,POL,ITA,2:1,https://www.rsssf.org/tables/74full.html
1974,Group D,BRA,DDR,1:0,https://www.rsssf.org/tables/74full.html
1974,Group D,HOL,ARG,4:0,https://www.rsssf.org/tables/74full.html
1974,Group D,HOL,DDR,2:0,https://www.rsssf.org/tables/74full.html
1974,Group D,BRA,ARG,2:1,https://www.rsssf.org/tables/74full.html
1974,Group D,HOL,BRA,2:0,https://www.rsssf.org/tables/74full.html
1974,Group D,ARG,DDR,1:1,https://www.rsssf.org/tables/74full.html
1974,Group D,POL,SWE,1:0,https://www.rsssf.org/tables/74full.html
1974,Group D,GER,JUG,2:0,https://www.rsssf.org/tables/74full.html
1974,Group D,POL,JUG,2:1,https://www.rsssf.org/tables/74full.html
1974,Group D,GER,SWE,4:2,https://www.rsssf.org/tables/74full.html
1974,Group D,SWE,JUG,2:1,https://www.rsssf.org/tables/74full.html
1974,Group D,GER,POL,1:0,https://www.rsssf.org/tables/74full.html
1974,Group D,POL,BRA,1:0,https://www.rsssf.org/tables/74full.html
1974,Group D,GER,HOL,2:1,https://www.rsssf.org/tables/74full.html
1978,Group A,ITA,FRA,2:1,https://www.rsssf.org/tables/78full.html
1978,Group A,ARG,HUN,2:1,https://www.rsssf.org/tables/78full.html
1978,Group A,ITA,HUN,3:1,https://www.rsssf.org/tables/78full.html
1978,Group A,ARG,FRA,2:1,https://www.rsssf.org/tables/78full.html
1978,Group A,FRA,HUN,3:1,https://www.rsssf.org/tables/78full.html
1978,Group A,ITA,ARG,1:0,https://www.rsssf.org/tables/78full.html
1978,Group B,POL,GER,0:0,https://www.rsssf.org/tables/78full.html
1978,Group B,TUN,MEX,3:1,https://www.rsssf.org/tables/78full.html
1978,Group B,POL,TUN,1:0,https://www.rsssf.org/tables/78full.html
1978,Group B,GER,MEX,6:0,https://www.rsssf.org/tables/78full.html
1978,Group B,TUN,GER,0:0,https://www.rsssf.org/tables/78full.html
1978,Group B,POL,MEX,3:1,https://www.rsssf.org/tables/78full.html
1978,Group C,BRA,SWE,1:1,https://www.rsssf.org/tables/78full.html
1978,Group C,AUT,ESP,2:1,https://www.rsssf.org/tables/78full.html
1978,Group C,AUT,SWE,1:0,https://www.rsssf.org/tables/78full.html
1978,Group C,BRA,ESP,0:0,https://www.rsssf.org/tables/78full.html
1978,Group C,BRA,AUT,1:0,https://www.rsssf.org/tables/78full.html
1978,Group C,ESP,SWE,1:0,https://www.rsssf.org/tables/78full.html
1978,Group D,HOL,IRN,3:0,https://www.rsssf.org/tables/78full.html
1978,Group D,PER,SCO,3:1,https://www.rsssf.org/tables/78full.html
1978,Group D,HOL,PER,0:0,https://www.rsssf.org/tables/78full.html
1978,Group D,IRN,SCO,1:1,https://www.rsssf.org/tables/78full.html
1978,Group D,SCO,HOL,3:2,https://www.rsssf.org/tables/78full.html
1978,Group D,PER,IRN,4:1,https://www.rsssf.org/tables/78full.html
1978,Group D,ITA,GER,0:0,https://www.rsssf.org/tables/78full.html
1978,Group D,HOL,AUT,5:1,https://www.rsssf.org/tables/78full.html
1978,Group D,HOL,GER,2:2,https://www.rsssf.org/tables/78full.html
1978,Group D,ITA,AUT,1:0,https://www.rsssf.org/tables/78full.html
1978,Group D,HOL,ITA,2:1,https://www.rsssf.org/tables/78full.html
1978,Group D,AUT,GER,3:2,https://www.rsssf.org/tables/78full.html
1978,Group D,BRA,PER,3:0,https://www.rsssf.org/tables/78full.html
1978,Group D,ARG,POL,2:0,https://www.rsssf.org/tables/78full.html
1978,Group D,POL,PER,1:0,https://www.rsssf.org/tables/78full.html
1978,Group D,ARG,BRA,0:0,https://www.rsssf.org/tables/78full.html
1978,Group D,BRA,POL,3:1,https://www.rsssf.org/tables/78full.html
1978,Group D,ARG,PER,6:0,https://www.rsssf.org/tables/78full.html
1978,Group D,BRA,ITA,2:1,https://www.rsssf.org/tables/78full.html
1978,Group D,ARG,HOL,3:1,https://www.rsssf.org/tables/78full.html
1982,Group A,ITA,POL,0:0,https://www.rsssf.org/tables/82full.html
1982,Group A,CAM,PER,0:0,https://www.rsssf.org/tables/82full.html
1982,Group A,ITA,PER,1:1,https://www.rsssf.org/tables/82full.html
1982,Group A,CAM,POL,0:0,https://www.rsssf.org/tables/82full.html
1982,Group A,POL,PER,5:1,https://www.rsssf.org/tables/82full.html
1982,Group A,ITA,CAM,1:1,https://www.rsssf.org/tables/82full.html
1982,Group B,ALG,GER,2:1,https://www.rsssf.org/tables/82full.html
1982,Group B,AUT,CHI,1:0,https://www.rsssf.org/tables/82full.html
1982,Group B,GER,CHI,4:1,https://www.rsssf.org/tables/82full.html
1982,Group B,AUT,ALG,2:0,https://www.rsssf.org/tables/82full.html
1982,Group B,ALG,CHI,3:2,https://www.rsssf.org/tables/82full.html
1982,Group B,GER,AUT,1:0,https://www.rsssf.org/tables/82full.html
1982,Group C,BEL,ARG,1:0,https://www.rsssf.org/tables/82full.html
1982,Group C,HUN,SAL,10:1,https://www.rsssf.org/tables/82full.html
1982,Group C,ARG,HUN,4:1,https://www.rsssf.org/tables/82full.html
1982,Group C,BEL,SAL,1:0,https://www.rsssf.org/tables/82full.html
1982,Group C,BEL,HUN,1:1,https://www.rsssf.org/tables/82full.html
1982,Group C,ARG,SAL,2:0,https://www.rsssf.org/tables/82full.html
1982,Group D,ENG,FRA,3:1,https://www.rsssf.org/tables/82full.html
1982,Group D,CZE,KUW,1:1,https://www.rsssf.org/tables/82full.html
1982,Group D,ENG,CZE,2:0,https://www.rsssf.org/tables/82full.html
1982,Group D,FRA,KUW,4:1,https://www.rsssf.org/tables/82full.html
1982,Group D,CZE,FRA,1:1,https://www.rsssf.org/tables/82full.html
1982,Group D,ENG,KUW,1:0,https://www.rsssf.org/tables/82full.html
1982,Group D,HON,ESP,1:1,https://www.rsssf.org/tables/82full.html
1982,Group D,NIR,JUG,0:0,https://www.rsssf.org/tables/82full.html
1982,Group D,ESP,JUG,2:1,https://www.rsssf.org/tables/82full.html
1982,Group D,HON,NIR,1:1,https://www.rsssf.org/tables/82full.html
1982,Group D,JUG,HON,1:0,https://www.rsssf.org/tables/82full.html
1982,Group D,NIR,ESP,1:0,https://www.rsssf.org/tables/82full.html
1982,Group D,BRA,ZSR,2:1,https://www.rsssf.org/tables/82full.html
1982,Group D,SCO,NZL,5:2,https://www.rsssf.org/tables/82full.html
1982,Group D,BRA,SCO,4:1,https://www.rsssf.org/tables/82full.html
1982,Group D,ZSR,NZL,3:0,https://www.rsssf.org/tables/82full.html
1982,Group D,SCO,ZSR,2:2,https://www.rsssf.org/tables/82full.html
1982,Group D,BRA,NZL,4:0,https://www.rsssf.org/tables/82full.html
1982,Group D,POL,BEL,3:0,https://www.rsssf.org/tables/82full.html
1982,Group D,ZSR,BEL,1:0,https://www.rsssf.org/tables/82full.html
1982,Group D,POL,ZSR,0:0,https://www.rsssf.org/tables/82full.html
1982,Group D,ENG,GER,0:0,https://www.rsssf.org/tables/82full.html
1982,Group D,GER,ESP,2:1,https://www.rsssf.org/tables/82full.html
1982,Group D,ENG,ESP,0:0,https://www.rsssf.org/tables/82full.html
1982,Group D,ITA,ARG,2:1,https://www.rsssf.org/tables/82full.html
1982,Group D,BRA,ARG,3:1,https://www.rsssf.org/tables/82full.html
1982,Group D,ITA,BRA,3:2,https://www.rsssf.org/tables/82full.html
1982,Group D,FRA,AUT,1:0,https://www.rsssf.org/tables/82full.html
1982,Group D,AUT,NIR,2:2,https://www.rsssf.org/tables/82full.html
1982,Group D,FRA,NIR,4:1,https://www.rsssf.org/tables/82full.html
1982,Group D,ITA,POL,2:0,https://www.rsssf.org/tables/82full.html
1982,Group D,GER,FRA,3:3,https://www.rsssf.org/tables/82full.html
1982,Group D,POL,FRA,3:2,https://www.rsssf.org/tables/82full.html
1982,Group D,ITA,GER,3:1,https://www.rsssf.org/tables/82full.html
1986,Group A,ARG,KOR,3:1,https://www.rsssf.org/tables/86full.html
1986,Group A,ARG,ITA,1:1,https://www.rsssf.org/tables/86full.html
1986,Group A,BUL,KOR,1:1,https://www.rsssf.org/tables/86full.html
1986,Group A,ARG,BUL,2:0,https://www.rsssf.org/tables/86full.html
1986,Group A,ITA,KOR,3:2,https://www.rsssf.org/tables/86full.html
1986,Group B,MEX,BEL,2:1,https://www.rsssf.org/tables/86full.html
1986,Group B,PAR,IRK,1:0,https://www.rsssf.org/tables/86full.html
1986,Group B,MEX,PAR,1:1,https://www.rsssf.org/tables/86full.html
1986,Group B,BEL,IRK,2:1,https://www.rsssf.org/tables/86full.html
1986,Group B,BEL,PAR,2:2,https://www.rsssf.org/tables/86full.html
1986,Group C,FRA,CAN,1:0,https://www.rsssf.org/tables/86full.html
1986,Group C,ZSR,HUN,6:0,https://www.rsssf.org/tables/86full.html
1986,Group C,FRA,ZSR,1:1,https://www.rsssf.org/tables/86full.html
1986,Group C,HUN,CAN,2:0,https://www.rsssf.org/tables/86full.html
1986,Group C,FRA,HUN,3:0,https://www.rsssf.org/tables/86full.html
1986,Group C,ZSR,CAN,2:0,https://www.rsssf.org/tables/86full.html
1986,Group D,BRA,ESP,1:0,https://www.rsssf.org/tables/86full.html
1986,Group D,ALG,NIR,1:1,https://www.rsssf.org/tables/86full.html
1986,Group D,BRA,ALG,1:0,https://www.rsssf.org/tables/86full.html
1986,Group D,ESP,NIR,2:1,https://www.rsssf.org/tables/86full.html
1986,Group D,BRA,NIR,3:0,https://www.rsssf.org/tables/86full.html
1986,Group D,ESP,ALG,3:0,https://www.rsssf.org/tables/86full.html
1986,Group D,GER,URU,1:1,https://www.rsssf.org/tables/86full.html
1986,Group D,DAN,SCO,1:0,https://www.rsssf.org/tables/86full.html
1986,Group D,GER,SCO,2:1,https://www.rsssf.org/tables/86full.html
1986,Group D,DAN,URU,6:1,https://www.rsssf.org/tables/86full.html
1986,Group D,DAN,GER,2:0,https://www.rsssf.org/tables/86full.html
1986,Group D,SCO,URU,0:0,https://www.rsssf.org/tables/86full.html
1986,Group D,MAR,POL,0:0,https://www.rsssf.org/tables/86full.html
1986,Group D,POR,ENG,1:0,https://www.rsssf.org/tables/86full.html
1986,Group D,ENG,MAR,0:0,https://www.rsssf.org/tables/86full.html
1986,Group D,POL,POR,1:0,https://www.rsssf.org/tables/86full.html
1986,Group D,ENG,POL,3:0,https://www.rsssf.org/tables/86full.html
1986,Group D,MAR,POR,3:1,https://www.rsssf.org/tables/86full.html
1986,Group D,MEX,BUL,2:0,https://www.rsssf.org/tables/86full.html
1986,Group D,BEL,ZSR,4:3,https://www.rsssf.org/tables/86full.html
1986,Group D,BRA,POL,4:0,https://www.rsssf.org/tables/86full.html
1986,Group D,ARG,URU,1:0,https://www.rsssf.org/tables/86full.html
1986,Group D,FRA,ITA,2:0,https://www.rsssf.org/tables/86full.html
1986,Group D,GER,MAR,1:0,https://www.rsssf.org/tables/86full.html
1986,Group D,ENG,PAR,3:0,https://www.rsssf.org/tables/86full.html
1986,Group D,ESP,DAN,5:1,https://www.rsssf.org/tables/86full.html
1986,Group D,FRA,BRA,1:1,https://www.rsssf.org/tables/86full.html
1986,Group D,GER,MEX,0:0,https://www.rsssf.org/tables/86full.html
1986,Group D,ARG,ENG,2:1,https://www.rsssf.org/tables/86full.html
1986,Group D,BEL,ESP,1:1,https://www.rsssf.org/tables/86full.html
1986,Group D,GER,FRA,2:0,https://www.rsssf.org/tables/86full.html
1986,Group D,FRA,BEL,4:2,https://www.rsssf.org/tables/86full.html
1986,Group D,ARG,GER,3:2,https://www.rsssf.org/tables/86full.html
1990,Group A,ITA,AUT,1:0,https://www.rsssf.org/tables/90full.html
1990,Group A,CZE,USA,5:1,https://www.rsssf.org/tables/90full.html
1990,Group A,ITA,USA,1:0,https://www.rsssf.org/tables/90full.html
1990,Group A,CZE,AUT,1:0,https://www.rsssf.org/tables/90full.html
1990,Group A,ITA,CZE,2:0,https://www.rsssf.org/tables/90full.html
1990,Group A,AUT,USA,2:1,https://www.rsssf.org/tables/90full.html
1990,Group B,CAM,ARG,1:0,https://www.rsssf.org/tables/90full.html
1990,Group B,ROM,ZSR,2:0,https://www.rsssf.org/tables/90full.html
1990,Group B,ARG,ZSR,2:0,https://www.rsssf.org/tables/90full.html
1990,Group B,CAM,ROM,2:1,https://www.rsssf.org/tables/90full.html
1990,Group B,ZSR,CAM,4:0,https://www.rsssf.org/tables/90full.html
1990,Group B,ARG,ROM,1:1,https://www.rsssf.org/tables/90full.html
1990,Group C,BRA,SWE,2:1,https://www.rsssf.org/tables/90full.html
1990,Group C,COS,SCO,1:0,https://www.rsssf.org/tables/90full.html
1990,Group C,BRA,COS,1:0,https://www.rsssf.org/tables/90full.html
1990,Group C,SCO,SWE,2:1,https://www.rsssf.org/tables/90full.html
1990,Group C,COS,SWE,2:1,https://www.rsssf.org/tables/90full.html
1990,Group C,BRA,SCO,1:0,https://www.rsssf.org/tables/90full.html
1990,Group D,COL,EMI,2:0,https://www.rsssf.org/tables/90full.html
1990,Group D,GER,JUG,4:1,https://www.rsssf.org/tables/90full.html
1990,Group D,JUG,COL,1:0,https://www.rsssf.org/tables/90full.html
1990,Group D,GER,EMI,5:1,https://www.rsssf.org/tables/90full.html
1990,Group D,COL,GER,1:1,https://www.rsssf.org/tables/90full.html
1990,Group D,JUG,EMI,4:1,https://www.rsssf.org/tables/90full.html
1990,Group D,BEL,KOR,2:0,https://www.rsssf.org/tables/90full.html
1990,Group D,ESP,URU,0:0,https://www.rsssf.org/tables/90full.html
1990,Group D,ESP,KOR,3:1,https://www.rsssf.org/tables/90full.html
1990,Group D,BEL,URU,3:1,https://www.rsssf.org/tables/90full.html
1990,Group D,ESP,BEL,2:1,https://www.rsssf.org/tables/90full.html
1990,Group D,URU,KOR,1:0,https://www.rsssf.org/tables/90full.html
1990,Group D,ENG,IRL,1:1,https://www.rsssf.org/tables/90full.html
1990,Group D,EGY,HOL,1:1,https://www.rsssf.org/tables/90full.html
1990,Group D,ENG,HOL,0:0,https://www.rsssf.org/tables/90full.html
1990,Group D,EGY,IRL,0:0,https://www.rsssf.org/tables/90full.html
1990,Group D,ENG,EGY,1:0,https://www.rsssf.org/tables/90full.html
1990,Group D,HOL,IRL,1:1,https://www.rsssf.org/tables/90full.html
1990,Group D,CAM,COL,2:1,https://www.rsssf.org/tables/90full.html
1990,Group D,CZE,COS,4:1,https://www.rsssf.org/tables/90full.html
1990,Group D,ARG,BRA,1:0,https://www.rsssf.org/tables/90full.html
1990,Group D,GER,HOL,2:1,https://www.rsssf.org/tables/90full.html
1990,Group D,IRL,ROM,0:0,https://www.rsssf.org/tables/90full.html
1990,Group D,ITA,URU,2:0,https://www.rsssf.org/tables/90full.html
1990,Group D,JUG,ESP,2:1,https://www.rsssf.org/tables/90full.html
1990,Group D,ENG,BEL,1:0,https://www.rsssf.org/tables/90full.html
1990,Group D,ARG,JUG,0:0,https://www.rsssf.org/tables/90full.html
1990,Group D,ITA,IRL,1:0,https://www.rsssf.org/tables/90full.html
1990,Group D,GER,CZE,1:0,https://www.rsssf.org/tables/90full.html
1990,Group D,ENG,CAM,3:2,https://www.rsssf.org/tables/90full.html
1990,Group D,ARG,ITA,1:1,https://www.rsssf.org/tables/90full.html
1990,Group D,GER,ENG,1:1,https://www.rsssf.org/tables/90full.html
1990,Group D,ITA,ENG,2:1,https://www.rsssf.org/tables/90full.html
1990,Group D,GER,ARG,1:0,https://www.rsssf.org/tables/90full.html
1994,Group A,USA,SUI,1:1,https://www.rsssf.org/tables/94full.html
1994,Group A,ROM,COL,3:1,https://www.rsssf.org/tables/94full.html
1994,Group A,SUI,ROM,4:1,https://www.rsssf.org/tables/94full.html
1994,Group A,USA,COL,2:1,https://www.rsssf.org/tables/94full.html
1994,Group A,COL,SUI,2:0,https://www.rsssf.org/tables/94full.html
1994,Group A,ROM,USA,1:0,https://www.rsssf.org/tables/94full.html
1994,Group B,SWE,CAM,2:2,https://www.rsssf.org/tables/94full.html
1994,Group B,BRA,RUS,2:0,https://www.rsssf.org/tables/94full.html
1994,Group B,BRA,CAM,3:0,https://www.rsssf.org/tables/94full.html
1994,Group B,SWE,RUS,3:1,https://www.rsssf.org/tables/94full.html
1994,Group B,RUS,CAM,6:1,https://www.rsssf.org/tables/94full.html
1994,Group B,SWE,BRA,1:1,https://www.rsssf.org/tables/94full.html
1994,Group C,KOR,ESP,2:2,https://www.rsssf.org/tables/94full.html
1994,Group C,GER,ESP,1:1,https://www.rsssf.org/tables/94full.html
1994,Group C,BOL,KOR,0:0,https://www.rsssf.org/tables/94full.html
1994,Group C,ESP,BOL,3:1,https://www.rsssf.org/tables/94full.html
1994,Group C,GER,KOR,3:2,https://www.rsssf.org/tables/94full.html
1994,Group D,ARG,GRE,4:0,https://www.rsssf.org/tables/94full.html
1994,Group D,NGA,BUL,3:0,https://www.rsssf.org/tables/94full.html
1994,Group D,ARG,NGA,2:1,https://www.rsssf.org/tables/94full.html
1994,Group D,BUL,GRE,4:0,https://www.rsssf.org/tables/94full.html
1994,Group D,NGA,GRE,2:0,https://www.rsssf.org/tables/94full.html
1994,Group D,BUL,ARG,2:0,https://www.rsssf.org/tables/94full.html
1994,Group D,IRL,ITA,1:0,https://www.rsssf.org/tables/94full.html
1994,Group D,NOR,MEX,1:0,https://www.rsssf.org/tables/94full.html
1994,Group D,ITA,NOR,1:0,https://www.rsssf.org/tables/94full.html
1994,Group D,MEX,IRL,2:1,https://www.rsssf.org/tables/94full.html
1994,Group D,IRL,NOR,0:0,https://www.rsssf.org/tables/94full.html
1994,Group D,ITA,MEX,1:1,https://www.rsssf.org/tables/94full.html
1994,Group D,BEL,MAR,1:0,https://www.rsssf.org/tables/94full.html
1994,Group D,HOL,ARS,2:1,https://www.rsssf.org/tables/94full.html
1994,Group D,BEL,HOL,1:0,https://www.rsssf.org/tables/94full.html
1994,Group D,ARS,MAR,2:1,https://www.rsssf.org/tables/94full.html
1994,Group D,HOL,MAR,2:1,https://www.rsssf.org/tables/94full.html
1994,Group D,ARS,BEL,1:0,https://www.rsssf.org/tables/94full.html
1994,Group D,GER,BEL,3:2,https://www.rsssf.org/tables/94full.html
1994,Group D,ESP,SUI,3:0,https://www.rsssf.org/tables/94full.html
1994,Group D,SWE,ARS,3:1,https://www.rsssf.org/tables/94full.html
1994,Group D,ROM,ARG,3:2,https://www.rsssf.org/tables/94full.html
1994,Group D,HOL,IRL,2:0,https://www.rsssf.org/tables/94full.html
1994,Group D,BRA,USA,1:0,https://www.rsssf.org/tables/94full.html
1994,Group D,ITA,NGA,2:1,https://www.rsssf.org/tables/94full.html
1994,Group D,BUL,MEX,1:1,https://www.rsssf.org/tables/94full.html
1994,Group D,ITA,ESP,2:1,https://www.rsssf.org/tables/94full.html
1994,Group D,BRA,HOL,3:2,https://www.rsssf.org/tables/94full.html
1994,Group D,BUL,GER,2:1,https://www.rsssf.org/tables/94full.html
1994,Group D,SWE,ROM,2:2,https://www.rsssf.org/tables/94full.html
1994,Group D,ITA,BUL,2:1,https://www.rsssf.org/tables/94full.html
1994,Group D,BRA,SWE,1:0,https://www.rsssf.org/tables/94full.html
1994,Group D,SWE,BUL,4:0,https://www.rsssf.org/tables/94full.html
1994,Group D,BRA,ITA,0:0,https://www.rsssf.org/tables/94full.html
1998,Group A,BRA,SCO,2:1,https://www.rsssf.org/tables/98full.html
1998,Group A,NOR,MAR,2:2,https://www.rsssf.org/tables/98full.html
1998,Group A,SCO,NOR,1:1,https://www.rsssf.org/tables/98full.html
1998,Group A,BRA,MAR,3:0,https://www.rsssf.org/tables/98full.html
1998,Group A,NOR,BRA,2:1,https://www.rsssf.org/tables/98full.html
1998,Group A,MAR,SCO,3:0,https://www.rsssf.org/tables/98full.html
1998,Group B,ITA,CHI,2:2,https://www.rsssf.org/tables/98full.html
1998,Group B,AUT,CAM,1:1,https://www.rsssf.org/tables/98full.html
1998,Group B,AUT,CHI,1:1,https://www.rsssf.org/tables/98full.html
1998,Group B,ITA,CAM,3:0,https://www.rsssf.org/tables/98full.html
1998,Group B,ITA,AUT,2:1,https://www.rsssf.org/tables/98full.html
1998,Group B,CHI,CAM,1:1,https://www.rsssf.org/tables/98full.html
1998,Group C,DAN,ARS,1:0,https://www.rsssf.org/tables/98full.html
1998,Group C,FRA,SAF,3:0,https://www.rsssf.org/tables/98full.html
1998,Group C,DAN,SAF,1:1,https://www.rsssf.org/tables/98full.html
1998,Group C,FRA,ARS,4:0,https://www.rsssf.org/tables/98full.html
1998,Group C,FRA,DAN,2:1,https://www.rsssf.org/tables/98full.html
1998,Group C,ARS,SAF,2:2,https://www.rsssf.org/tables/98full.html
1998,Group D,BUL,PAR,0:0,https://www.rsssf.org/tables/98full.html
1998,Group D,NGA,ESP,3:2,https://www.rsssf.org/tables/98full.html
1998,Group D,NGA,BUL,1:0,https://www.rsssf.org/tables/98full.html
1998,Group D,ESP,PAR,0:0,https://www.rsssf.org/tables/98full.html
1998,Group D,ESP,BUL,6:1,https://www.rsssf.org/tables/98full.html
1998,Group D,PAR,NGA,3:1,https://www.rsssf.org/tables/98full.html
1998,Group D,MEX,KOR,3:1,https://www.rsssf.org/tables/98full.html
1998,Group D,BEL,HOL,0:0,https://www.rsssf.org/tables/98full.html
1998,Group D,BEL,MEX,2:2,https://www.rsssf.org/tables/98full.html
1998,Group D,HOL,KOR,5:0,https://www.rsssf.org/tables/98full.html
1998,Group D,HOL,MEX,2:2,https://www.rsssf.org/tables/98full.html
1998,Group D,BEL,KOR,1:1,https://www.rsssf.org/tables/98full.html
1998,Group D,JUG,IRN,1:0,https://www.rsssf.org/tables/98full.html
1998,Group D,GER,USA,2:0,https://www.rsssf.org/tables/98full.html
1998,Group D,GER,JUG,2:2,https://www.rsssf.org/tables/98full.html
1998,Group D,IRN,USA,2:1,https://www.rsssf.org/tables/98full.html
1998,Group D,GER,IRN,2:0,https://www.rsssf.org/tables/98full.html
1998,Group D,JUG,USA,1:0,https://www.rsssf.org/tables/98full.html
1998,Group D,ENG,TUN,2:0,https://www.rsssf.org/tables/98full.html
1998,Group D,ROM,COL,1:0,https://www.rsssf.org/tables/98full.html
1998,Group D,COL,TUN,1:0,https://www.rsssf.org/tables/98full.html
1998,Group D,ROM,ENG,2:1,https://www.rsssf.org/tables/98full.html
1998,Group D,ROM,TUN,1:1,https://www.rsssf.org/tables/98full.html
1998,Group D,ENG,COL,2:0,https://www.rsssf.org/tables/98full.html
1998,Group D,ARG,JAP,1:0,https://www.rsssf.org/tables/98full.html
1998,Group D,CRO,JAM,3:1,https://www.rsssf.org/tables/98full.html
1998,Group D,CRO,JAP,1:0,https://www.rsssf.org/tables/98full.html
1998,Group D,ARG,JAM,5:0,https://www.rsssf.org/tables/98full.html
1998,Group D,ARG,CRO,1:0,https://www.rsssf.org/tables/98full.html
1998,Group D,JAM,JAP,2:1,https://www.rsssf.org/tables/98full.html
1998,Group D,ITA,NOR,1:0,https://www.rsssf.org/tables/98full.html
1998,Group D,BRA,CHI,4:1,https://www.rsssf.org/tables/98full.html
1998,Group D,FRA,PAR,1:0,https://www.rsssf.org/tables/98full.html
1998,Group D,DAN,NGA,4:1,https://www.rsssf.org/tables/98full.html
1998,Group D,GER,MEX,2:1,https://www.rsssf.org/tables/98full.html
1998,Group D,HOL,JUG,2:1,https://www.rsssf.org/tables/98full.html
1998,Group D,CRO,ROM,1:0,https://www.rsssf.org/tables/98full.html
1998,Group D,ARG,ENG,2:2,https://www.rsssf.org/tables/98full.html
1998,Group D,FRA,ITA,0:0,https://www.rsssf.org/tables/98full.html
1998,Group D,BRA,DAN,3:2,https://www.rsssf.org/tables/98full.html
1998,Group D,HOL,ARG,2:1,https://www.rsssf.org/tables/98full.html
1998,Group D,CRO,GER,3:0,https://www.rsssf.org/tables/98full.html
1998,Group D,BRA,HOL,1:1,https://www.rsssf.org/tables/98full.html
1998,Group D,FRA,CRO,2:1,https://www.rsssf.org/tables/98full.html
1998,Group D,CRO,HOL,2:1,https://www.rsssf.org/tables/98full.html
1998,Group D,FRA,BRA,3:0,https://www.rsssf.org/tables/98full.html
